"Data";"Hora (UTC)";"Temp. Ins. (C)";"Temp. Max. (C)";"Temp. Min. (C)";"Umi. Ins. (%)";"Umi. Max. (%)";"Umi. Min. (%)";"Pto Orvalho Ins. (C)";"Pto Orvalho Max. (C)";"Pto Orvalho Min. (C)";"Pressao Ins. (hPa)";"Pressao Max. (hPa)";"Pressao Min. (hPa)";"Vel. Vento (m/s)";"Dir. Vento (m/s)";"Raj. Vento (m/s)";"Radiacao (KJ/m²)";"Chuva (mm)"
"01/02/2022";"0000";"22,8";"23,0";"22,8";"90,0";"92,0";"90,0";"21,1";"21,5";"21,1";"989,1";"989,1";"988,2";"";"";"";"";""
"01/02/2022";"0100";"22,7";"23,2";"22,7";"92,0";"92,0";"89,0";"21,3";"21,3";"21,1";"989,8";"989,8";"988,9";"";"";"";"";""
"01/02/2022";"0200";"22,8";"22,9";"22,7";"92,0";"92,0";"90,0";"21,5";"21,5";"21,0";"989,8";"989,9";"989,7";"";"";"";"";""
"01/02/2022";"0300";"22,8";"22,9";"22,8";"91,0";"92,0";"91,0";"21,4";"21,5";"21,3";"989,0";"989,8";"989,0";"";"";"";"";""
"01/02/2022";"0400";"22,7";"22,9";"22,7";"93,0";"93,0";"91,0";"21,5";"21,6";"21,4";"988,4";"989,1";"988,4";"";"";"";"";""
"01/02/2022";"0500";"22,7";"22,8";"22,6";"94,0";"94,0";"93,0";"21,6";"21,6";"21,5";"988,4";"988,5";"988,3";"";"";"";"";""
"01/02/2022";"0600";"22,6";"22,7";"22,6";"93,0";"94,0";"93,0";"21,4";"21,7";"21,4";"988,3";"988,5";"988,3";"";"";"";"";""
"01/02/2022";"0700";"22,7";"22,7";"22,6";"93,0";"93,0";"93,0";"21,6";"21,6";"21,5";"988,3";"988,5";"988,3";"";"";"";"";""
"01/02/2022";"0800";"22,5";"22,7";"22,5";"94,0";"94,0";"93,0";"21,5";"21,6";"21,4";"988,4";"988,4";"988,1";"";"";"";"";""
"01/02/2022";"0900";"22,6";"22,6";"22,4";"94,0";"95,0";"94,0";"21,5";"21,6";"21,5";"988,8";"988,8";"988,2";"";"";"";"5,80";""
"01/02/2022";"1000";"23,3";"23,3";"22,5";"92,0";"94,0";"92,0";"21,9";"22,0";"21,5";"989,7";"989,7";"988,8";"";"";"";"196,60";""
"01/02/2022";"1100";"24,1";"24,4";"23,3";"85,0";"92,0";"83,0";"21,4";"22,1";"21,0";"990,3";"990,3";"989,7";"";"";"";"613,40";""
"01/02/2022";"1200";"26,1";"26,1";"24,1";"78,0";"86,0";"75,0";"21,9";"22,1";"21,1";"990,7";"990,7";"990,3";"";"";"";"1610,10";""
"01/02/2022";"1300";"27,0";"27,0";"26,1";"72,0";"79,0";"72,0";"21,5";"22,3";"20,8";"990,4";"990,7";"990,4";"";"";"";"2130,70";""
"01/02/2022";"1400";"28,9";"29,0";"27,0";"63,0";"74,0";"63,0";"21,1";"22,8";"20,6";"990,1";"990,5";"990,1";"";"";"";"3065,50";""
"01/02/2022";"1500";"29,9";"30,3";"28,6";"60,0";"67,0";"60,0";"21,4";"22,7";"21,1";"989,4";"990,1";"989,4";"";"";"";"3113,50";""
"01/02/2022";"1600";"31,7";"32,3";"29,6";"50,0";"63,0";"48,0";"19,9";"22,4";"19,5";"988,0";"989,4";"988,0";"";"";"";"3809,90";""
"01/02/2022";"1700";"32,9";"33,3";"31,6";"47,0";"53,0";"45,0";"20,2";"22,0";"19,5";"986,8";"988,0";"986,8";"";"";"";"3335,90";""
"01/02/2022";"1800";"32,7";"33,6";"32,7";"48,0";"49,0";"44,0";"20,1";"21,0";"19,2";"986,0";"986,8";"985,9";"";"";"";"2167,40";""
"01/02/2022";"1900";"32,2";"32,9";"32,2";"54,0";"54,0";"47,0";"21,7";"21,7";"19,8";"985,7";"986,1";"985,7";"";"";"";"1311,10";""
"01/02/2022";"2000";"31,1";"32,4";"31,1";"57,0";"57,0";"53,0";"21,7";"22,1";"21,4";"985,8";"985,8";"985,5";"";"";"";"961,80";""
"01/02/2022";"2100";"28,8";"31,1";"28,8";"60,0";"61,0";"57,0";"20,3";"21,9";"20,1";"986,1";"986,1";"985,8";"";"";"";"278,50";""
"01/02/2022";"2200";"27,5";"28,8";"27,5";"71,0";"72,0";"60,0";"21,8";"21,9";"20,0";"987,2";"987,4";"986,1";"";"";"";"16,80";""
"01/02/2022";"2300";"25,8";"27,5";"25,8";"78,0";"79,0";"71,0";"21,8";"21,8";"21,4";"988,1";"988,1";"987,2";"";"";"";"";""
"02/02/2022";"0000";"25,4";"25,9";"25,3";"81,0";"81,0";"78,0";"21,8";"22,2";"21,8";"989,1";"989,1";"988,1";"";"";"";"";""
"02/02/2022";"0100";"25,2";"25,6";"25,0";"81,0";"85,0";"79,0";"21,8";"22,5";"21,7";"989,6";"989,6";"989,1";"";"";"";"";""
"02/02/2022";"0200";"24,0";"25,2";"24,0";"87,0";"87,0";"81,0";"21,6";"21,8";"21,6";"989,5";"989,8";"989,5";"";"";"";"";""
"02/02/2022";"0300";"23,8";"24,1";"23,8";"89,0";"89,0";"87,0";"21,9";"22,1";"21,6";"989,6";"989,7";"989,5";"";"";"";"";""
"02/02/2022";"0400";"23,8";"24,0";"23,7";"85,0";"89,0";"85,0";"21,2";"21,9";"21,2";"989,4";"989,6";"989,4";"";"";"";"";""
"02/02/2022";"0500";"23,5";"23,9";"23,5";"87,0";"87,0";"85,0";"21,2";"21,3";"21,1";"989,1";"989,5";"989,0";"";"";"";"";""
"02/02/2022";"0600";"23,4";"23,6";"23,3";"88,0";"88,0";"87,0";"21,3";"21,3";"21,2";"989,2";"989,2";"989,0";"";"";"";"";""
"02/02/2022";"0700";"23,1";"23,4";"23,1";"89,0";"89,0";"88,0";"21,1";"21,3";"21,1";"989,2";"989,2";"989,1";"";"";"";"";""
"02/02/2022";"0800";"22,9";"23,1";"22,8";"88,0";"90,0";"88,0";"20,8";"21,2";"20,8";"989,4";"989,4";"989,1";"";"";"";"";""
"02/02/2022";"0900";"22,9";"23,0";"22,8";"88,0";"89,0";"87,0";"20,9";"20,9";"20,7";"989,9";"989,9";"989,4";"";"";"";"4,60";""
"02/02/2022";"1000";"23,6";"23,6";"22,9";"86,0";"88,0";"86,0";"21,1";"21,4";"20,9";"990,4";"990,4";"989,9";"";"";"";"164,30";""
"02/02/2022";"1100";"24,9";"24,9";"23,6";"78,0";"86,0";"78,0";"20,7";"21,3";"20,6";"990,9";"990,9";"990,4";"";"";"";"596,20";""
"02/02/2022";"1200";"25,5";"25,5";"24,7";"75,0";"79,0";"74,0";"20,8";"21,1";"20,4";"991,3";"991,3";"990,9";"";"";"";"834,70";""
"02/02/2022";"1300";"26,7";"27,3";"25,5";"70,0";"76,0";"68,0";"20,8";"21,4";"20,3";"991,6";"991,7";"991,3";"";"";"";"1378,30";""
"02/02/2022";"1400";"27,4";"27,6";"26,6";"69,0";"71,0";"68,0";"21,2";"21,5";"20,5";"991,2";"991,6";"991,2";"";"";"";"1433,00";""
"02/02/2022";"1500";"28,2";"28,9";"27,2";"66,0";"70,0";"65,0";"21,2";"21,9";"21,0";"990,5";"991,2";"990,5";"";"";"";"1397,80";""
"02/02/2022";"1600";"29,7";"29,8";"27,9";"61,0";"68,0";"61,0";"21,4";"22,2";"21,0";"989,1";"990,5";"989,1";"";"";"";"1684,40";""
"02/02/2022";"1700";"30,9";"32,3";"29,6";"56,0";"62,0";"53,0";"21,0";"22,8";"20,7";"988,0";"989,1";"988,0";"";"";"";"3716,70";""
"02/02/2022";"1800";"31,0";"31,5";"30,2";"58,0";"61,0";"56,0";"21,8";"22,3";"21,0";"987,7";"988,0";"987,6";"";"";"";"1691,20";""
"02/02/2022";"1900";"30,8";"32,1";"30,7";"58,0";"60,0";"54,0";"21,6";"22,4";"21,2";"987,5";"987,7";"987,1";"";"";"";"1244,00";""
"02/02/2022";"2000";"22,0";"30,8";"22,0";"88,0";"88,0";"58,0";"20,0";"21,9";"19,7";"989,3";"989,3";"987,4";"";"";"";"216,30";""
"02/02/2022";"2100";"21,7";"22,1";"21,7";"96,0";"96,0";"88,0";"21,0";"21,3";"20,1";"989,1";"989,5";"988,6";"";"";"";"11,60";""
"02/02/2022";"2200";"22,2";"22,2";"21,7";"96,0";"96,0";"96,0";"21,5";"21,5";"21,0";"989,9";"989,9";"989,1";"";"";"";"";""
"02/02/2022";"2300";"22,3";"22,3";"22,1";"95,0";"96,0";"95,0";"21,5";"21,5";"21,4";"990,3";"990,3";"989,9";"";"";"";"";""
"03/02/2022";"0000";"22,4";"22,4";"22,2";"95,0";"95,0";"95,0";"21,5";"21,6";"21,4";"991,3";"991,3";"990,3";"";"";"";"";""
"03/02/2022";"0100";"22,3";"22,5";"22,2";"94,0";"95,0";"94,0";"21,4";"21,6";"21,3";"991,9";"991,9";"991,3";"";"";"";"";""
"03/02/2022";"0200";"22,4";"22,5";"22,3";"94,0";"94,0";"94,0";"21,4";"21,5";"21,3";"991,9";"992,0";"991,9";"";"";"";"";""
"03/02/2022";"0300";"22,3";"22,5";"22,3";"94,0";"94,0";"94,0";"21,3";"21,4";"21,3";"991,3";"991,9";"991,3";"";"";"";"";""
"03/02/2022";"0400";"22,1";"22,4";"22,1";"95,0";"95,0";"94,0";"21,2";"21,5";"21,2";"990,4";"991,2";"990,4";"";"";"";"";""
"03/02/2022";"0500";"22,1";"22,2";"22,0";"95,0";"95,0";"95,0";"21,3";"21,4";"21,2";"989,8";"990,4";"989,8";"";"";"";"";""
"03/02/2022";"0600";"21,9";"22,1";"21,9";"95,0";"95,0";"95,0";"21,0";"21,3";"21,0";"989,3";"989,8";"989,3";"";"";"";"";""
"03/02/2022";"0700";"21,9";"22,0";"21,8";"95,0";"95,0";"95,0";"21,0";"21,1";"21,0";"989,4";"989,4";"989,2";"";"";"";"";""
"03/02/2022";"0800";"21,5";"21,9";"21,4";"96,0";"96,0";"95,0";"20,8";"21,1";"20,7";"989,4";"989,4";"989,3";"";"";"";"";""
"03/02/2022";"0900";"21,8";"21,8";"21,4";"96,0";"96,0";"96,0";"21,1";"21,1";"20,7";"989,9";"989,9";"989,4";"";"";"";"6,30";""
"03/02/2022";"1000";"22,6";"22,6";"21,8";"96,0";"96,0";"96,0";"21,9";"21,9";"21,2";"990,2";"990,2";"989,9";"";"";"";"232,60";""
"03/02/2022";"1100";"23,7";"23,7";"22,6";"89,0";"96,0";"89,0";"21,9";"22,0";"21,6";"990,8";"990,8";"990,2";"";"";"";"611,20";""
"03/02/2022";"1200";"24,5";"24,5";"23,6";"86,0";"90,0";"84,0";"22,0";"22,1";"21,2";"991,3";"991,3";"990,8";"";"";"";"749,30";""
"03/02/2022";"1300";"26,2";"26,2";"24,4";"76,0";"86,0";"75,0";"21,6";"22,5";"21,0";"991,3";"991,5";"991,3";"";"";"";"1737,90";""
"03/02/2022";"1400";"26,4";"27,4";"26,1";"75,0";"77,0";"71,0";"21,5";"22,6";"20,9";"991,1";"991,4";"991,1";"";"";"";"1605,70";""
"03/02/2022";"1500";"28,5";"29,2";"26,2";"66,0";"75,0";"62,0";"21,6";"22,5";"20,5";"990,7";"991,1";"990,7";"";"";"";"2139,10";""
"03/02/2022";"1600";"29,1";"29,6";"28,3";"64,0";"68,0";"61,0";"21,7";"22,1";"20,5";"989,5";"990,7";"989,5";"";"";"";"3347,90";""
"03/02/2022";"1700";"31,7";"31,7";"29,2";"55,0";"65,0";"55,0";"21,4";"22,3";"20,3";"988,3";"989,5";"988,3";"";"";"";"3970,10";""
"03/02/2022";"1800";"31,2";"31,6";"29,4";"55,0";"62,0";"54,0";"21,0";"22,3";"20,4";"987,3";"988,3";"987,3";"";"";"";"2332,00";""
"03/02/2022";"1900";"31,5";"32,2";"30,5";"53,0";"56,0";"51,0";"20,7";"21,6";"20,3";"986,6";"987,3";"986,6";"";"";"";"2506,80";""
"03/02/2022";"2000";"30,6";"31,9";"30,5";"56,0";"56,0";"50,0";"20,9";"21,3";"19,8";"986,6";"986,7";"986,5";"";"";"";"1398,10";""
"03/02/2022";"2100";"29,6";"31,0";"29,6";"61,0";"62,0";"53,0";"21,4";"21,7";"20,1";"986,7";"986,7";"986,3";"";"";"";"349,00";""
"03/02/2022";"2200";"28,1";"29,7";"28,1";"72,0";"72,0";"59,0";"22,6";"22,6";"20,7";"987,4";"987,4";"986,7";"";"";"";"20,90";""
"03/02/2022";"2300";"26,6";"28,1";"26,6";"83,0";"83,0";"72,0";"23,4";"23,5";"22,3";"987,8";"987,8";"987,4";"";"";"";"";""
"04/02/2022";"0000";"26,4";"26,7";"26,2";"82,0";"83,0";"80,0";"23,1";"23,5";"22,8";"988,4";"988,4";"987,8";"";"";"";"";""
"04/02/2022";"0100";"26,4";"26,5";"25,8";"84,0";"86,0";"82,0";"23,4";"23,4";"22,9";"988,9";"989,1";"988,4";"";"";"";"";""
"04/02/2022";"0200";"24,9";"26,9";"24,9";"81,0";"84,0";"76,0";"21,4";"23,5";"21,4";"989,4";"989,4";"988,9";"";"";"";"";""
"04/02/2022";"0300";"24,2";"24,9";"24,1";"83,0";"83,0";"79,0";"21,2";"21,4";"20,5";"989,5";"990,1";"989,2";"";"";"";"";""
"04/02/2022";"0400";"23,8";"24,2";"23,8";"86,0";"86,0";"83,0";"21,4";"21,4";"21,2";"989,7";"989,8";"989,3";"";"";"";"";""
"04/02/2022";"0500";"23,5";"23,9";"23,5";"89,0";"89,0";"86,0";"21,6";"21,6";"21,4";"989,4";"989,7";"989,0";"";"";"";"";""
"04/02/2022";"0600";"23,4";"23,6";"23,3";"90,0";"90,0";"89,0";"21,7";"21,7";"21,5";"989,1";"989,4";"989,1";"";"";"";"";""
"04/02/2022";"0700";"22,9";"23,4";"22,8";"94,0";"94,0";"90,0";"21,8";"21,8";"21,6";"988,6";"989,1";"988,6";"";"";"";"";""
"04/02/2022";"0800";"23,1";"23,2";"22,9";"93,0";"94,0";"93,0";"22,0";"22,1";"21,8";"988,7";"988,8";"988,4";"";"";"";"";""
"04/02/2022";"0900";"23,1";"23,1";"23,0";"93,0";"94,0";"93,0";"22,0";"22,0";"21,8";"989,6";"989,6";"988,7";"";"";"";"9,00";""
"04/02/2022";"1000";"23,7";"23,7";"23,1";"91,0";"93,0";"91,0";"22,2";"22,4";"22,0";"990,2";"990,2";"989,6";"";"";"";"198,10";""
"04/02/2022";"1100";"25,0";"25,0";"23,7";"85,0";"91,0";"84,0";"22,2";"22,6";"22,0";"990,7";"990,7";"990,2";"";"";"";"769,60";""
"04/02/2022";"1200";"25,5";"25,6";"25,0";"82,0";"85,0";"81,0";"22,2";"22,5";"21,7";"991,1";"991,1";"990,6";"";"";"";"1413,30";""
"04/02/2022";"1300";"26,9";"27,1";"25,4";"73,0";"84,0";"73,0";"21,8";"23,3";"21,8";"991,1";"991,3";"991,1";"";"";"";"1929,70";""
"04/02/2022";"1400";"27,4";"27,8";"26,7";"73,0";"77,0";"71,0";"22,1";"23,0";"21,6";"990,7";"991,1";"990,7";"";"";"";"2229,30";""
"04/02/2022";"1500";"29,7";"29,7";"27,4";"65,0";"74,0";"65,0";"22,6";"23,1";"21,2";"989,7";"990,7";"989,7";"";"";"";"3112,80";""
"04/02/2022";"1600";"29,7";"30,1";"29,0";"60,0";"66,0";"60,0";"21,2";"22,9";"21,2";"988,6";"989,7";"988,6";"";"";"";"3327,10";""
"04/02/2022";"1700";"31,0";"32,0";"29,4";"57,0";"65,0";"53,0";"21,4";"22,6";"20,8";"987,4";"988,6";"987,4";"";"";"";"3525,30";""
"04/02/2022";"1800";"31,1";"32,5";"30,1";"55,0";"61,0";"53,0";"21,1";"22,6";"20,7";"987,0";"987,4";"986,9";"";"";"";"2591,00";""
"04/02/2022";"1900";"26,7";"31,5";"26,7";"81,0";"81,0";"55,0";"23,1";"23,1";"21,0";"986,7";"987,0";"986,6";"";"";"";"765,60";""
"04/02/2022";"2000";"25,8";"28,5";"25,7";"81,0";"84,0";"74,0";"22,3";"24,8";"21,4";"987,1";"987,1";"986,6";"";"";"";"624,30";""
"04/02/2022";"2100";"23,5";"25,8";"23,5";"90,0";"90,0";"81,0";"21,8";"22,5";"21,7";"987,7";"987,8";"987,1";"";"";"";"44,40";""
"04/02/2022";"2200";"23,1";"23,5";"23,1";"92,0";"92,0";"90,0";"21,7";"22,0";"21,6";"988,7";"988,7";"987,7";"";"";"";"";""
"04/02/2022";"2300";"22,6";"23,1";"22,4";"94,0";"94,0";"92,0";"21,6";"21,9";"21,3";"989,1";"989,1";"988,7";"";"";"";"";""
"05/02/2022";"0000";"22,5";"22,6";"22,3";"94,0";"95,0";"94,0";"21,5";"21,6";"21,4";"989,1";"989,3";"989,0";"";"";"";"";""
"05/02/2022";"0100";"22,5";"22,6";"22,4";"93,0";"94,0";"93,0";"21,3";"21,6";"21,3";"989,2";"989,2";"988,9";"";"";"";"";""
"05/02/2022";"0200";"22,5";"22,7";"22,5";"92,0";"94,0";"91,0";"21,1";"21,6";"21,0";"989,5";"989,6";"989,2";"";"";"";"0,90";""
"05/02/2022";"0300";"22,3";"22,5";"22,3";"93,0";"93,0";"92,0";"21,2";"21,2";"21,1";"989,2";"989,6";"989,2";"";"";"";"";""
"05/02/2022";"0400";"22,4";"22,5";"22,3";"94,0";"94,0";"93,0";"21,4";"21,4";"21,2";"988,9";"989,3";"988,9";"";"";"";"";""
"05/02/2022";"0500";"22,4";"22,4";"22,3";"94,0";"94,0";"94,0";"21,4";"21,4";"21,3";"988,0";"988,9";"988,0";"";"";"";"";""
"05/02/2022";"0600";"22,4";"22,4";"22,2";"94,0";"94,0";"93,0";"21,4";"21,4";"21,1";"987,9";"988,0";"987,6";"";"";"";"";""
"05/02/2022";"0700";"22,6";"22,6";"22,4";"94,0";"94,0";"94,0";"21,6";"21,6";"21,4";"988,2";"988,2";"987,9";"";"";"";"";""
"05/02/2022";"0800";"22,6";"22,7";"22,6";"94,0";"94,0";"94,0";"21,7";"21,7";"21,5";"988,6";"988,6";"988,2";"";"";"";"";""
"05/02/2022";"0900";"22,8";"22,8";"22,6";"94,0";"95,0";"94,0";"21,8";"21,8";"21,6";"989,0";"989,0";"988,4";"";"";"";"15,60";""
"05/02/2022";"1000";"23,3";"23,3";"22,8";"91,0";"94,0";"91,0";"21,8";"21,9";"21,4";"989,4";"989,4";"989,0";"";"";"";"281,40";""
"05/02/2022";"1100";"23,7";"23,8";"23,3";"89,0";"91,0";"88,0";"21,8";"22,1";"21,6";"990,1";"990,1";"989,4";"";"";"";"367,60";""
"05/02/2022";"1200";"24,1";"24,4";"23,8";"87,0";"89,0";"85,0";"21,9";"22,1";"21,5";"990,3";"990,3";"990,0";"";"";"";"504,10";""
"05/02/2022";"1300";"25,3";"25,3";"24,1";"85,0";"88,0";"84,0";"22,5";"22,7";"21,7";"990,7";"990,7";"990,3";"";"";"";"862,80";""
"05/02/2022";"1400";"26,5";"26,5";"25,0";"78,0";"85,0";"76,0";"22,3";"23,1";"21,7";"990,2";"990,7";"990,2";"";"";"";"1941,30";""
"05/02/2022";"1500";"27,8";"28,3";"26,4";"70,0";"81,0";"69,0";"21,9";"23,4";"21,6";"989,3";"990,2";"989,2";"";"";"";"2649,80";""
"05/02/2022";"1600";"30,4";"30,4";"27,7";"65,0";"72,0";"63,0";"23,0";"23,3";"21,4";"987,9";"989,3";"987,9";"";"";"";"3372,80";""
"05/02/2022";"1700";"29,5";"31,0";"29,4";"64,0";"65,0";"59,0";"21,9";"23,1";"21,3";"986,7";"987,9";"986,7";"";"";"";"3050,70";""
"05/02/2022";"1800";"31,2";"31,2";"29,3";"56,0";"66,0";"55,0";"21,4";"22,8";"21,0";"985,7";"986,6";"985,7";"";"";"";"2811,10";""
"05/02/2022";"1900";"29,2";"31,6";"28,3";"69,0";"71,0";"54,0";"23,0";"23,1";"20,8";"985,5";"985,7";"985,0";"";"";"";"1876,00";""
"05/02/2022";"2000";"27,6";"29,2";"27,5";"76,0";"76,0";"68,0";"22,9";"22,9";"21,7";"985,7";"985,8";"985,5";"";"";"";"711,50";""
"05/02/2022";"2100";"26,7";"27,6";"26,7";"78,0";"78,0";"73,0";"22,6";"22,9";"22,3";"986,6";"986,6";"985,7";"";"";"";"339,60";""
"05/02/2022";"2200";"23,5";"26,7";"23,4";"93,0";"93,0";"76,0";"22,3";"22,6";"21,8";"987,4";"987,4";"986,6";"";"";"";"13,80";""
"05/02/2022";"2300";"23,2";"23,7";"23,2";"88,0";"93,0";"87,0";"21,1";"22,6";"21,1";"988,1";"988,1";"987,4";"";"";"";"1,20";""
"06/02/2022";"0000";"23,3";"23,5";"23,1";"88,0";"88,0";"87,0";"21,2";"21,2";"20,9";"988,8";"988,8";"988,1";"";"";"";"0,50";""
"06/02/2022";"0100";"23,4";"23,5";"23,3";"89,0";"90,0";"88,0";"21,5";"21,6";"21,2";"989,4";"989,4";"988,8";"";"";"";"";""
"06/02/2022";"0200";"23,1";"23,5";"23,0";"91,0";"91,0";"89,0";"21,6";"21,7";"21,4";"989,9";"990,0";"989,4";"";"";"";"";""
"06/02/2022";"0300";"22,9";"23,2";"22,9";"92,0";"92,0";"91,0";"21,7";"21,8";"21,6";"989,4";"989,9";"989,4";"";"";"";"";""
"06/02/2022";"0400";"23,0";"23,0";"22,8";"93,0";"94,0";"92,0";"21,8";"21,9";"21,6";"989,1";"989,4";"989,0";"";"";"";"";""
"06/02/2022";"0500";"22,7";"23,1";"22,7";"94,0";"94,0";"92,0";"21,6";"21,7";"21,5";"988,4";"989,1";"988,4";"";"";"";"";""
"06/02/2022";"0600";"22,8";"22,9";"22,6";"92,0";"94,0";"92,0";"21,5";"21,7";"21,5";"987,9";"988,4";"987,8";"";"";"";"";""
"06/02/2022";"0700";"22,4";"22,8";"22,4";"93,0";"93,0";"92,0";"21,2";"21,4";"21,2";"987,8";"988,0";"987,7";"";"";"";"";""
"06/02/2022";"0800";"22,5";"22,6";"22,4";"93,0";"93,0";"93,0";"21,3";"21,4";"21,2";"988,2";"988,3";"987,8";"";"";"";"";""
"06/02/2022";"0900";"22,8";"22,8";"22,5";"93,0";"93,0";"93,0";"21,6";"21,7";"21,2";"989,1";"989,2";"988,2";"";"";"";"28,20";""
"06/02/2022";"1000";"23,1";"23,1";"22,8";"91,0";"93,0";"91,0";"21,6";"21,7";"21,5";"989,7";"989,7";"989,1";"";"";"";"148,40";""
"06/02/2022";"1100";"23,5";"23,5";"23,0";"91,0";"92,0";"90,0";"21,9";"22,0";"21,6";"990,4";"990,4";"989,7";"";"";"";"322,30";""
"06/02/2022";"1200";"24,6";"24,6";"23,5";"85,0";"91,0";"84,0";"21,8";"22,3";"21,6";"990,7";"990,7";"990,3";"";"";"";"879,20";""
"06/02/2022";"1300";"25,5";"25,8";"24,6";"79,0";"86,0";"79,0";"21,5";"22,5";"21,5";"990,5";"990,8";"990,5";"";"";"";"1346,50";""
"06/02/2022";"1400";"27,0";"27,1";"25,3";"73,0";"82,0";"73,0";"21,8";"22,7";"21,4";"990,1";"990,6";"990,0";"";"";"";"1325,70";""
"06/02/2022";"1500";"27,7";"27,8";"26,7";"69,0";"75,0";"69,0";"21,6";"22,4";"20,9";"989,4";"990,1";"989,4";"";"";"";"1780,30";""
"06/02/2022";"1600";"27,3";"27,9";"27,2";"70,0";"71,0";"67,0";"21,3";"22,0";"20,7";"989,1";"989,5";"989,1";"";"";"";"1412,70";""
"06/02/2022";"1700";"27,6";"28,5";"27,1";"68,0";"72,0";"67,0";"21,3";"22,1";"21,0";"988,2";"989,1";"988,2";"";"";"";"1686,70";""
"06/02/2022";"1800";"29,3";"29,3";"25,0";"68,0";"85,0";"67,0";"22,9";"23,4";"20,7";"987,2";"988,2";"987,2";"";"";"";"2003,70";""
"06/02/2022";"1900";"29,6";"29,9";"27,7";"61,0";"70,0";"59,0";"21,2";"22,8";"20,5";"986,6";"987,2";"986,6";"";"";"";"1835,00";""
"06/02/2022";"2000";"28,2";"29,9";"28,2";"67,0";"67,0";"58,0";"21,5";"22,0";"20,3";"986,3";"986,6";"986,3";"";"";"";"1536,90";""
"06/02/2022";"2100";"27,3";"28,3";"27,3";"69,0";"69,0";"66,0";"21,2";"21,7";"20,8";"986,9";"986,9";"986,3";"";"";"";"483,10";""
"06/02/2022";"2200";"25,9";"27,4";"25,9";"76,0";"76,0";"69,0";"21,4";"21,9";"21,1";"987,6";"987,6";"986,9";"";"";"";"15,40";""
"06/02/2022";"2300";"24,8";"25,9";"24,8";"78,0";"79,0";"74,0";"20,7";"21,7";"20,6";"988,5";"988,5";"987,6";"";"";"";"";""
"07/02/2022";"0000";"23,9";"24,8";"23,8";"87,0";"87,0";"78,0";"21,5";"21,5";"20,8";"989,1";"989,1";"988,5";"";"";"";"";""
"07/02/2022";"0100";"23,2";"24,0";"23,2";"92,0";"92,0";"87,0";"21,9";"21,9";"21,5";"989,5";"989,5";"989,1";"";"";"";"";""
"07/02/2022";"0200";"23,2";"23,6";"23,2";"92,0";"92,0";"90,0";"21,7";"22,1";"21,7";"989,3";"989,5";"989,2";"";"";"";"";""
"07/02/2022";"0300";"22,9";"23,2";"22,9";"93,0";"93,0";"91,0";"21,8";"21,9";"21,6";"988,8";"989,4";"988,8";"";"";"";"";""
"07/02/2022";"0400";"23,0";"23,0";"22,9";"94,0";"94,0";"93,0";"21,9";"22,0";"21,8";"988,2";"988,8";"988,1";"";"";"";"";""
"07/02/2022";"0500";"22,8";"23,1";"22,8";"95,0";"95,0";"94,0";"21,9";"22,0";"21,8";"987,7";"988,2";"987,6";"";"";"";"";""
"07/02/2022";"0600";"22,8";"22,8";"22,7";"95,0";"95,0";"95,0";"21,9";"21,9";"21,8";"987,5";"987,7";"987,4";"";"";"";"";""
"07/02/2022";"0700";"23,0";"23,0";"22,8";"95,0";"95,0";"95,0";"22,2";"22,2";"21,9";"987,4";"987,6";"987,4";"";"";"";"";""
"07/02/2022";"0800";"23,1";"23,3";"23,0";"92,0";"95,0";"92,0";"21,7";"22,2";"21,7";"987,8";"987,8";"987,4";"";"";"";"";""
"07/02/2022";"0900";"23,1";"23,1";"22,8";"92,0";"92,0";"91,0";"21,7";"21,7";"21,5";"988,5";"988,5";"987,8";"";"";"";"5,90";""
"07/02/2022";"1000";"23,6";"23,6";"23,0";"91,0";"92,0";"91,0";"22,0";"22,0";"21,7";"989,1";"989,1";"988,5";"";"";"";"206,50";""
"07/02/2022";"1100";"24,3";"24,4";"23,6";"87,0";"91,0";"87,0";"22,1";"22,3";"21,7";"989,7";"989,7";"989,1";"";"";"";"477,50";""
"07/02/2022";"1200";"25,4";"25,4";"24,3";"83,0";"87,0";"82,0";"22,3";"22,5";"21,9";"990,0";"990,1";"989,7";"";"";"";"775,20";""
"07/02/2022";"1300";"27,0";"27,0";"25,3";"76,0";"83,0";"76,0";"22,5";"22,6";"21,9";"989,9";"990,0";"989,9";"";"";"";"1208,80";""
"07/02/2022";"1400";"27,5";"27,8";"26,9";"70,0";"76,0";"68,0";"21,6";"22,5";"21,1";"989,7";"989,9";"989,7";"";"";"";"1689,30";""
"07/02/2022";"1500";"28,2";"28,2";"27,3";"67,0";"71,0";"66,0";"21,5";"21,9";"21,1";"989,1";"989,7";"989,1";"";"";"";"1467,70";""
"07/02/2022";"1600";"30,0";"30,3";"28,1";"61,0";"68,0";"61,0";"21,6";"22,3";"21,1";"988,2";"989,1";"988,2";"";"";"";"2354,60";""
"07/02/2022";"1700";"29,7";"30,7";"29,4";"62,0";"63,0";"59,0";"21,6";"22,4";"20,7";"987,2";"988,2";"987,2";"";"";"";"2906,50";""
"07/02/2022";"1800";"30,8";"31,8";"29,6";"60,0";"63,0";"55,0";"22,0";"22,8";"21,1";"986,2";"987,2";"986,2";"";"";"";"3211,80";""
"07/02/2022";"1900";"30,2";"31,0";"30,0";"59,0";"60,0";"56,0";"21,3";"22,1";"20,8";"985,3";"986,2";"985,3";"";"";"";"2151,40";""
"07/02/2022";"2000";"29,6";"30,5";"29,6";"60,0";"61,0";"57,0";"20,9";"21,9";"20,6";"985,3";"985,4";"985,2";"";"";"";"1372,60";""
"07/02/2022";"2100";"29,0";"29,8";"29,0";"63,0";"63,0";"59,0";"21,2";"21,7";"20,9";"985,6";"985,6";"985,2";"";"";"";"599,80";""
"07/02/2022";"2200";"27,6";"29,0";"27,6";"68,0";"68,0";"62,0";"21,2";"21,3";"20,7";"986,3";"986,3";"985,5";"";"";"";"30,70";""
"07/02/2022";"2300";"26,5";"27,6";"26,5";"77,0";"77,0";"68,0";"22,1";"22,1";"21,1";"986,9";"986,9";"986,3";"";"";"";"";""
"08/02/2022";"0000";"26,3";"26,6";"26,3";"79,0";"79,0";"77,0";"22,3";"22,3";"22,1";"987,6";"987,6";"986,9";"";"";"";"";""
"08/02/2022";"0100";"25,8";"26,3";"25,8";"81,0";"81,0";"78,0";"22,3";"22,4";"22,2";"987,5";"987,6";"987,5";"";"";"";"";""
"08/02/2022";"0200";"25,0";"25,9";"24,6";"86,0";"88,0";"80,0";"22,5";"22,6";"22,2";"987,5";"987,6";"987,3";"";"";"";"";""
"08/02/2022";"0300";"24,7";"25,1";"24,3";"86,0";"88,0";"83,0";"22,3";"22,5";"22,0";"987,4";"987,5";"987,3";"";"";"";"";""
"08/02/2022";"0400";"23,9";"24,8";"23,8";"91,0";"91,0";"86,0";"22,4";"22,5";"22,0";"987,4";"987,5";"987,3";"";"";"";"";""
"08/02/2022";"0500";"23,6";"23,9";"23,4";"94,0";"94,0";"91,0";"22,5";"22,5";"22,2";"987,0";"987,4";"986,8";"";"";"";"";""
"08/02/2022";"0600";"24,0";"24,1";"23,5";"91,0";"94,0";"91,0";"22,5";"22,7";"22,4";"986,7";"987,1";"986,7";"";"";"";"";""
"08/02/2022";"0700";"24,2";"24,2";"24,0";"90,0";"91,0";"90,0";"22,5";"22,6";"22,4";"986,9";"987,0";"986,7";"";"";"";"";""
"08/02/2022";"0800";"23,9";"24,3";"23,9";"91,0";"91,0";"88,0";"22,3";"22,5";"22,2";"987,1";"987,1";"986,9";"";"";"";"";""
"08/02/2022";"0900";"24,0";"24,0";"23,8";"89,0";"91,0";"89,0";"22,1";"22,3";"22,1";"987,7";"987,7";"987,1";"";"";"";"0,70";""
"08/02/2022";"1000";"24,2";"24,2";"24,0";"87,0";"89,0";"87,0";"21,9";"22,1";"21,9";"988,0";"988,0";"987,7";"";"";"";"143,80";""
"08/02/2022";"1100";"24,8";"24,8";"24,2";"85,0";"87,0";"85,0";"22,1";"22,3";"21,8";"988,6";"988,6";"988,0";"";"";"";"375,90";""
"08/02/2022";"1200";"25,4";"25,4";"24,8";"82,0";"85,0";"81,0";"22,1";"22,3";"21,9";"988,8";"989,0";"988,6";"";"";"";"502,30";""
"08/02/2022";"1300";"26,1";"26,5";"25,5";"79,0";"82,0";"77,0";"22,3";"22,4";"21,8";"989,0";"989,0";"988,8";"";"";"";"1208,20";""
"08/02/2022";"1400";"27,5";"27,6";"26,0";"74,0";"80,0";"73,0";"22,5";"22,8";"21,8";"988,5";"989,0";"988,5";"";"";"";"1729,80";""
"08/02/2022";"1500";"29,1";"30,2";"27,5";"67,0";"75,0";"65,0";"22,4";"23,5";"21,9";"987,8";"988,5";"987,7";"";"";"";"3758,40";""
"08/02/2022";"1600";"30,4";"31,5";"29,1";"64,0";"68,0";"60,0";"22,7";"23,6";"21,6";"986,7";"987,8";"986,6";"";"";"";"4167,10";""
"08/02/2022";"1700";"31,7";"32,3";"29,7";"57,0";"64,0";"55,0";"22,2";"23,2";"21,6";"985,7";"986,7";"985,7";"";"";"";"3286,10";""
"08/02/2022";"1800";"29,9";"32,1";"29,9";"63,0";"63,0";"54,0";"22,0";"22,5";"21,3";"985,1";"985,8";"985,1";"1,8";"99,0";"";"1371,80";""
"08/02/2022";"1900";"27,5";"30,0";"27,4";"76,0";"76,0";"62,0";"22,8";"22,9";"22,0";"984,6";"985,1";"984,6";"2,9";"252,0";"4,8";"269,70";""
"08/02/2022";"2000";"27,5";"27,5";"26,5";"79,0";"82,0";"76,0";"23,6";"23,8";"22,8";"984,3";"984,7";"984,3";"0,9";"229,0";"5,4";"409,70";""
"08/02/2022";"2100";"26,6";"27,6";"26,6";"83,0";"84,0";"77,0";"23,6";"23,7";"23,2";"985,1";"985,2";"984,3";"1,6";"235,0";"4,0";"281,20";""
"08/02/2022";"2200";"25,5";"26,6";"25,5";"87,0";"87,0";"83,0";"23,1";"23,5";"23,1";"985,7";"985,7";"984,9";"1,3";"176,0";"3,9";"8,20";""
"08/02/2022";"2300";"25,3";"25,6";"25,2";"88,0";"89,0";"87,0";"23,3";"23,3";"23,0";"985,7";"985,9";"985,6";"0,7";"319,0";"2,9";"";""
"09/02/2022";"0000";"24,3";"25,4";"24,3";"93,0";"93,0";"88,0";"23,0";"23,9";"23,0";"986,8";"986,9";"985,7";"3,5";"325,0";"6,1";"";""
"09/02/2022";"0100";"23,6";"24,4";"23,6";"91,0";"95,0";"89,0";"22,0";"23,3";"21,9";"987,6";"987,6";"986,6";"4,6";"306,0";"6,8";"";""
"09/02/2022";"0200";"22,2";"23,7";"22,1";"93,0";"93,0";"86,0";"21,0";"22,0";"20,5";"987,6";"987,9";"987,5";"2,0";"98,0";"7,2";"";""
"09/02/2022";"0300";"22,2";"22,2";"22,1";"94,0";"94,0";"93,0";"21,2";"21,2";"20,9";"987,5";"988,1";"987,3";"1,5";"223,0";"4,5";"";""
"09/02/2022";"0400";"22,1";"22,2";"22,0";"95,0";"95,0";"94,0";"21,2";"21,3";"21,2";"987,1";"987,8";"987,1";"0,9";"127,0";"2,6";"";""
"09/02/2022";"0500";"22,4";"22,4";"22,0";"95,0";"95,0";"95,0";"21,6";"21,6";"21,2";"987,9";"987,9";"987,1";"1,7";"296,0";"3,9";"";""
"09/02/2022";"0600";"21,5";"22,4";"20,4";"95,0";"95,0";"93,0";"20,7";"21,6";"19,4";"986,8";"988,2";"986,6";"1,2";"69,0";"10,7";"";""
"09/02/2022";"0700";"21,7";"21,8";"21,5";"95,0";"95,0";"94,0";"20,8";"20,9";"20,6";"986,8";"986,8";"986,5";"1,4";"356,0";"3,4";"";""
"09/02/2022";"0800";"22,0";"22,0";"21,6";"95,0";"95,0";"95,0";"21,2";"21,2";"20,7";"987,2";"987,2";"986,7";"1,0";"66,0";"2,4";"";""
"09/02/2022";"0900";"21,9";"22,0";"21,9";"95,0";"95,0";"94,0";"21,0";"21,2";"20,9";"987,7";"987,7";"987,2";"1,1";"70,0";"3,5";"3,90";""
"09/02/2022";"1000";"22,3";"22,3";"21,9";"95,0";"95,0";"94,0";"21,4";"21,4";"21,0";"988,0";"988,1";"987,7";"0,5";"269,0";"2,5";"91,90";""
"09/02/2022";"1100";"23,1";"23,1";"22,3";"92,0";"95,0";"91,0";"21,7";"21,7";"21,3";"988,2";"988,2";"988,0";"1,0";"106,0";"1,7";"363,40";""
"09/02/2022";"1200";"24,0";"24,1";"23,1";"87,0";"92,0";"87,0";"21,7";"22,1";"21,3";"988,7";"988,7";"988,1";"1,6";"74,0";"3,5";"736,00";""
"09/02/2022";"1300";"24,5";"24,7";"23,8";"86,0";"88,0";"82,0";"21,9";"22,1";"21,2";"988,6";"988,7";"988,6";"2,9";"98,0";"4,5";"1206,40";""
"09/02/2022";"1400";"24,2";"25,0";"24,2";"84,0";"86,0";"81,0";"21,4";"22,1";"21,2";"988,2";"988,6";"988,2";"4,1";"97,0";"6,0";"1013,40";""
"09/02/2022";"1500";"26,5";"26,9";"24,2";"78,0";"85,0";"77,0";"22,3";"23,4";"21,3";"987,6";"988,2";"987,6";"1,9";"70,0";"6,0";"1772,40";""
"09/02/2022";"1600";"26,9";"26,9";"25,6";"76,0";"81,0";"76,0";"22,2";"22,4";"21,6";"986,6";"987,6";"986,6";"2,3";"88,0";"5,0";"1379,90";"0,0"
"09/02/2022";"1700";"29,0";"29,0";"26,9";"73,0";"77,0";"71,0";"23,6";"23,6";"21,9";"985,7";"986,6";"985,7";"1,2";"108,0";"4,5";"2442,20";"0,0"
"09/02/2022";"1800";"28,7";"29,6";"27,7";"68,0";"73,0";"66,0";"22,1";"23,6";"21,7";"985,0";"985,7";"985,0";"1,0";"30,0";"3,9";"2282,80";"0,0"
"09/02/2022";"1900";"27,0";"28,7";"27,0";"79,0";"79,0";"68,0";"23,1";"23,3";"22,0";"985,0";"985,1";"984,8";"2,7";"259,0";"5,4";"623,30";"0,0"
"09/02/2022";"2000";"23,4";"27,0";"22,6";"93,0";"94,0";"78,0";"22,2";"23,1";"20,7";"985,6";"986,0";"985,0";"1,9";"297,0";"10,1";"90,90";"1,4"
"09/02/2022";"2100";"23,5";"24,4";"23,2";"81,0";"94,0";"80,0";"20,1";"22,7";"20,1";"986,7";"986,7";"985,6";"5,3";"290,0";"9,8";"28,60";"1,2"
"09/02/2022";"2200";"22,0";"23,6";"22,0";"90,0";"90,0";"80,0";"20,3";"20,4";"19,9";"986,5";"987,1";"986,5";"1,0";"86,0";"9,2";"3,60";"3,0"
"09/02/2022";"2300";"22,1";"22,2";"21,9";"92,0";"93,0";"89,0";"20,7";"20,9";"20,3";"987,2";"987,2";"986,5";"2,1";"295,0";"3,1";"";"0,0"
"10/02/2022";"0000";"21,8";"22,2";"21,7";"94,0";"94,0";"92,0";"20,8";"20,9";"20,6";"987,9";"987,9";"987,2";"1,1";"69,0";"3,1";"";"0,0"
"10/02/2022";"0100";"21,9";"22,1";"21,7";"93,0";"94,0";"92,0";"20,7";"21,0";"20,6";"988,2";"988,2";"987,8";"0,4";"318,0";"1,8";"";"0,0"
"10/02/2022";"0200";"21,8";"22,0";"21,6";"94,0";"94,0";"93,0";"20,7";"20,9";"20,5";"988,2";"988,5";"988,2";"0,8";"311,0";"1,2";"";"0,0"
"10/02/2022";"0300";"21,6";"21,8";"21,6";"95,0";"95,0";"94,0";"20,7";"20,8";"20,6";"987,8";"988,2";"987,6";"0,3";"34,0";"1,7";"";"0,0"
"10/02/2022";"0400";"21,7";"22,0";"21,6";"94,0";"95,0";"94,0";"20,7";"21,1";"20,7";"987,7";"988,1";"987,7";"2,2";"327,0";"4,1";"";"0,0"
"10/02/2022";"0500";"21,5";"22,0";"21,4";"93,0";"94,0";"92,0";"20,3";"20,9";"20,3";"987,3";"987,7";"987,2";"1,6";"305,0";"3,4";"";"0,0"
"10/02/2022";"0600";"21,7";"21,8";"21,4";"94,0";"94,0";"93,0";"20,7";"20,7";"20,3";"987,1";"987,3";"987,0";"1,3";"225,0";"2,5";"";"0,0"
"10/02/2022";"0700";"21,6";"21,9";"21,6";"93,0";"94,0";"92,0";"20,5";"20,9";"20,4";"987,2";"987,2";"987,1";"1,8";"319,0";"2,5";"";"0,0"
"10/02/2022";"0800";"21,8";"21,9";"21,6";"94,0";"94,0";"93,0";"20,8";"20,8";"20,4";"987,5";"987,6";"987,2";"1,1";"243,0";"3,6";"";"0,0"
"10/02/2022";"0900";"21,9";"21,9";"21,7";"94,0";"95,0";"94,0";"20,8";"20,9";"20,7";"988,1";"988,1";"987,5";"1,8";"295,0";"3,0";"3,20";"0,2"
"10/02/2022";"1000";"23,1";"23,1";"21,9";"91,0";"94,0";"91,0";"21,6";"21,8";"20,8";"988,5";"988,5";"988,0";"0,5";"231,0";"2,6";"335,50";"0,0"
"10/02/2022";"1100";"24,2";"24,2";"23,2";"87,0";"91,0";"87,0";"21,8";"22,1";"21,5";"988,7";"988,7";"988,5";"0,6";"143,0";"2,3";"788,30";"0,0"
"10/02/2022";"1200";"25,6";"25,6";"24,2";"84,0";"87,0";"81,0";"22,7";"22,7";"21,5";"988,9";"988,9";"988,7";"0,8";"323,0";"2,4";"1531,40";"0,0"
"10/02/2022";"1300";"27,6";"27,7";"25,4";"69,0";"84,0";"69,0";"21,4";"23,1";"21,2";"988,9";"989,0";"988,9";"1,6";"42,0";"4,1";"1865,20";"0,0"
"10/02/2022";"1400";"28,4";"28,5";"27,0";"67,0";"75,0";"66,0";"21,7";"22,8";"20,9";"988,6";"988,9";"988,6";"0,5";"25,0";"4,1";"2048,10";"0,0"
"10/02/2022";"1500";"28,7";"29,7";"27,8";"66,0";"70,0";"61,0";"21,7";"23,3";"20,8";"987,9";"988,6";"987,9";"3,2";"318,0";"4,5";"2509,70";"0,0"
"10/02/2022";"1600";"29,5";"30,2";"28,7";"66,0";"67,0";"60,0";"22,4";"22,7";"21,3";"987,0";"987,9";"987,0";"2,5";"322,0";"5,1";"2830,20";"0,0"
"10/02/2022";"1700";"31,2";"32,3";"29,5";"55,0";"66,0";"54,0";"21,1";"23,4";"20,8";"985,8";"987,0";"985,8";"1,6";"292,0";"5,1";"3724,90";"0,0"
"10/02/2022";"1800";"31,3";"32,1";"30,8";"55,0";"57,0";"51,0";"21,3";"22,1";"20,0";"985,0";"985,8";"985,0";"1,9";"116,0";"4,8";"3209,20";"0,0"
"10/02/2022";"1900";"31,5";"31,7";"30,5";"55,0";"59,0";"52,0";"21,5";"22,0";"20,5";"984,1";"985,0";"984,1";"1,5";"113,0";"4,8";"2171,20";"0,0"
"10/02/2022";"2000";"29,9";"31,6";"29,9";"61,0";"61,0";"53,0";"21,5";"21,6";"20,5";"984,3";"984,3";"984,1";"5,2";"106,0";"8,1";"1382,90";"0,0"
"10/02/2022";"2100";"28,3";"30,0";"28,1";"65,0";"66,0";"59,0";"21,0";"21,7";"21,0";"985,0";"985,0";"984,3";"0,9";"136,0";"8,1";"342,00";"0,0"
"10/02/2022";"2200";"27,2";"28,3";"27,2";"72,0";"72,0";"65,0";"21,8";"21,9";"21,0";"985,9";"985,9";"985,0";"1,4";"294,0";"2,4";"11,10";"0,0"
"10/02/2022";"2300";"24,2";"27,2";"23,9";"87,0";"89,0";"72,0";"21,9";"22,3";"21,3";"987,4";"987,4";"985,9";"5,9";"16,0";"10,1";"";"1,8"
"11/02/2022";"0000";"22,7";"24,2";"22,4";"93,0";"93,0";"83,0";"21,5";"21,8";"20,3";"987,9";"988,1";"987,3";"0,9";"129,0";"10,1";"";"3,8"
"11/02/2022";"0100";"22,6";"23,2";"22,6";"94,0";"94,0";"92,0";"21,5";"21,8";"21,5";"988,3";"988,8";"987,9";"2,3";"142,0";"3,2";"";"4,0"
"11/02/2022";"0200";"22,9";"22,9";"22,4";"95,0";"95,0";"94,0";"21,9";"22,0";"21,4";"988,6";"988,9";"988,3";"1,3";"252,0";"4,1";"";"1,6"
"11/02/2022";"0300";"23,0";"23,0";"22,9";"94,0";"95,0";"94,0";"22,0";"22,1";"21,9";"988,6";"988,7";"988,4";"1,4";"19,0";"3,3";"";"0,0"
"11/02/2022";"0400";"22,6";"23,0";"22,5";"96,0";"96,0";"94,0";"21,8";"22,0";"21,7";"988,3";"988,8";"988,3";"1,2";"245,0";"3,8";"";"9,2"
"11/02/2022";"0500";"22,4";"22,8";"22,4";"95,0";"96,0";"95,0";"21,5";"22,0";"21,5";"988,2";"988,4";"987,9";"3,8";"284,0";"5,4";"";"1,2"
"11/02/2022";"0600";"22,3";"22,4";"22,2";"95,0";"95,0";"95,0";"21,4";"21,6";"21,4";"987,9";"988,2";"987,5";"3,4";"268,0";"5,4";"";"5,0"
"11/02/2022";"0700";"22,0";"22,4";"22,0";"94,0";"95,0";"93,0";"20,9";"21,5";"20,9";"988,0";"988,4";"987,9";"1,7";"201,0";"6,6";"";"5,6"
"11/02/2022";"0800";"22,1";"22,2";"21,9";"95,0";"95,0";"94,0";"21,3";"21,3";"20,9";"988,0";"988,0";"987,3";"1,6";"281,0";"4,4";"";"3,2"
"11/02/2022";"0900";"22,0";"22,1";"21,9";"95,0";"95,0";"95,0";"21,3";"21,3";"21,1";"988,1";"988,1";"987,9";"1,9";"342,0";"3,6";"0,80";"2,8"
"11/02/2022";"1000";"22,3";"22,3";"22,0";"95,0";"95,0";"95,0";"21,5";"21,5";"21,2";"988,5";"988,5";"988,1";"1,5";"302,0";"3,1";"80,60";"0,0"
"11/02/2022";"1100";"23,0";"23,0";"22,3";"93,0";"95,0";"92,0";"21,7";"21,8";"21,5";"989,2";"989,2";"988,5";"1,3";"51,0";"2,7";"328,60";"0,0"
"11/02/2022";"1200";"23,5";"23,5";"22,8";"87,0";"93,0";"86,0";"21,2";"21,7";"20,9";"989,7";"989,7";"989,2";"1,9";"91,0";"3,6";"766,30";"0,0"
"11/02/2022";"1300";"24,4";"24,6";"23,5";"81,0";"87,0";"80,0";"20,8";"21,6";"20,6";"989,5";"989,7";"989,5";"2,1";"105,0";"3,1";"1282,00";"0,0"
"11/02/2022";"1400";"27,2";"27,3";"24,2";"72,0";"81,0";"70,0";"21,7";"22,5";"20,6";"989,4";"989,7";"989,4";"1,2";"33,0";"3,3";"2592,70";"0,2"
"11/02/2022";"1500";"27,6";"28,4";"26,7";"71,0";"76,0";"66,0";"21,9";"23,2";"21,0";"988,5";"989,4";"988,5";"2,2";"112,0";"4,7";"3475,40";"0,0"
"11/02/2022";"1600";"28,3";"29,7";"27,5";"65,0";"72,0";"63,0";"21,2";"23,0";"20,9";"987,4";"988,5";"987,4";"2,2";"87,0";"5,0";"3464,00";"0,0"
"11/02/2022";"1700";"28,5";"29,8";"28,2";"67,0";"68,0";"61,0";"21,8";"22,6";"20,7";"986,4";"987,4";"986,4";"1,9";"71,0";"4,9";"2702,80";"0,0"
"11/02/2022";"1800";"28,7";"29,9";"28,5";"66,0";"68,0";"60,0";"21,8";"22,6";"20,8";"985,9";"986,4";"985,9";"1,5";"77,0";"4,4";"2044,60";"0,0"
"11/02/2022";"1900";"28,6";"28,9";"28,4";"67,0";"70,0";"66,0";"21,9";"22,7";"21,7";"985,6";"985,9";"985,5";"1,4";"82,0";"3,9";"832,10";"0,0"
"11/02/2022";"2000";"28,5";"28,7";"28,4";"69,0";"69,0";"65,0";"22,2";"22,5";"21,4";"985,4";"985,6";"985,3";"0,7";"161,0";"3,2";"627,50";"0,0"
"11/02/2022";"2100";"27,6";"28,4";"27,6";"74,0";"75,0";"67,0";"22,6";"22,8";"21,6";"985,8";"985,8";"985,3";"0,3";"4,0";"1,6";"237,70";"0,0"
"11/02/2022";"2200";"25,9";"27,6";"25,9";"82,0";"82,0";"72,0";"22,6";"22,9";"22,1";"986,7";"986,7";"985,8";"2,6";"236,0";"3,4";"15,10";"0,0"
"11/02/2022";"2300";"25,4";"25,9";"25,3";"84,0";"84,0";"80,0";"22,5";"22,6";"22,1";"987,6";"987,6";"986,7";"0,6";"110,0";"3,5";"";"0,0"
"12/02/2022";"0000";"25,3";"25,8";"25,2";"84,0";"85,0";"80,0";"22,5";"22,6";"22,2";"988,1";"988,1";"987,5";"1,0";"146,0";"1,5";"";"0,0"
"12/02/2022";"0100";"24,9";"25,4";"24,7";"88,0";"89,0";"83,0";"22,8";"22,8";"22,4";"988,6";"988,6";"988,0";"0,4";"214,0";"2,2";"";"0,0"
"12/02/2022";"0200";"24,4";"25,0";"24,4";"90,0";"90,0";"87,0";"22,8";"22,9";"22,6";"988,3";"988,6";"988,3";"0,8";"228,0";"1,4";"";"0,0"
"12/02/2022";"0300";"23,0";"24,7";"23,0";"92,0";"92,0";"87,0";"21,6";"23,0";"21,6";"988,1";"988,4";"988,0";"4,4";"66,0";"7,4";"";"0,6"
"12/02/2022";"0400";"22,7";"23,1";"22,7";"93,0";"93,0";"92,0";"21,6";"21,9";"21,5";"988,3";"988,3";"987,9";"0,5";"186,0";"7,0";"";"3,4"
"12/02/2022";"0500";"22,3";"22,8";"22,3";"95,0";"95,0";"93,0";"21,4";"21,8";"21,4";"988,7";"988,7";"988,3";"2,9";"243,0";"4,2";"";"5,0"
"12/02/2022";"0600";"21,5";"22,3";"21,2";"96,0";"96,0";"94,0";"20,8";"21,5";"20,4";"988,7";"988,8";"988,6";"3,9";"130,0";"7,7";"";"15,4"
"12/02/2022";"0700";"21,2";"21,6";"21,2";"96,0";"96,0";"96,0";"20,6";"21,0";"20,6";"988,4";"988,8";"988,4";"2,3";"107,0";"6,2";"";"12,4"
"12/02/2022";"0800";"21,2";"21,3";"21,2";"96,0";"96,0";"96,0";"20,5";"20,7";"20,5";"988,1";"988,4";"988,1";"1,3";"82,0";"3,4";"";"0,4"
"12/02/2022";"0900";"21,3";"21,3";"21,1";"95,0";"96,0";"95,0";"20,5";"20,5";"20,4";"989,0";"989,0";"988,1";"2,3";"306,0";"3,3";"2,80";"0,2"
"12/02/2022";"1000";"21,8";"21,9";"21,2";"94,0";"95,0";"94,0";"20,8";"21,0";"20,5";"989,1";"989,1";"989,0";"1,1";"115,0";"3,3";"208,80";"0,0"
"12/02/2022";"1100";"24,0";"24,0";"21,8";"84,0";"94,0";"84,0";"21,2";"21,4";"20,5";"989,4";"989,4";"989,1";"0,9";"74,0";"1,6";"1193,20";"0,0"
"12/02/2022";"1200";"24,6";"24,7";"23,8";"82,0";"84,0";"80,0";"21,4";"21,6";"20,6";"990,0";"990,0";"989,4";"0,8";"124,0";"2,2";"1279,40";"0,0"
"12/02/2022";"1300";"25,1";"25,6";"24,1";"77,0";"85,0";"77,0";"20,8";"22,0";"20,8";"990,0";"990,1";"990,0";"0,9";"18,0";"2,2";"1201,30";"0,0"
"12/02/2022";"1400";"24,7";"26,3";"24,7";"83,0";"83,0";"74,0";"21,6";"21,9";"20,7";"989,9";"990,1";"989,9";"2,2";"88,0";"4,4";"1339,00";"0,0"
"12/02/2022";"1500";"26,3";"26,3";"24,3";"76,0";"88,0";"74,0";"21,7";"22,8";"20,9";"989,4";"989,9";"989,4";"0,6";"250,0";"4,4";"1195,30";"0,6"
"12/02/2022";"1600";"26,5";"26,9";"26,0";"74,0";"77,0";"71,0";"21,6";"22,1";"20,7";"988,7";"989,4";"988,7";"1,4";"206,0";"3,0";"1043,90";"0,0"
"12/02/2022";"1700";"27,1";"28,2";"26,0";"71,0";"80,0";"69,0";"21,4";"23,5";"21,2";"988,0";"988,7";"988,0";"3,4";"222,0";"5,7";"2594,20";"0,0"
"12/02/2022";"1800";"25,8";"27,1";"25,7";"76,0";"77,0";"70,0";"21,2";"21,8";"20,9";"987,7";"988,1";"987,7";"3,2";"220,0";"7,1";"1043,70";"0,0"
"12/02/2022";"1900";"25,4";"25,8";"25,3";"77,0";"79,0";"75,0";"21,1";"21,8";"21,0";"987,2";"987,7";"987,2";"3,3";"232,0";"7,1";"791,00";"0,0"
"12/02/2022";"2000";"25,3";"25,8";"25,2";"82,0";"83,0";"76,0";"22,0";"22,1";"21,0";"986,8";"987,2";"986,8";"1,3";"219,0";"5,5";"666,10";"0,0"
"12/02/2022";"2100";"24,5";"25,3";"24,5";"83,0";"84,0";"81,0";"21,5";"22,0";"21,4";"986,8";"986,8";"986,5";"1,3";"207,0";"3,6";"198,30";"0,0"
"12/02/2022";"2200";"24,0";"24,5";"23,9";"86,0";"86,0";"83,0";"21,4";"21,7";"21,3";"987,6";"987,6";"986,8";"2,0";"248,0";"4,1";"3,60";"0,0"
"12/02/2022";"2300";"23,6";"24,0";"23,5";"88,0";"88,0";"86,0";"21,5";"21,5";"21,3";"988,1";"988,1";"987,4";"1,3";"234,0";"4,0";"";"0,0"
"13/02/2022";"0000";"23,4";"23,6";"23,3";"89,0";"89,0";"88,0";"21,4";"21,5";"21,4";"988,6";"988,6";"988,1";"2,0";"240,0";"4,3";"";"0,0"
"13/02/2022";"0100";"23,2";"23,4";"22,9";"90,0";"90,0";"88,0";"21,5";"21,5";"21,2";"989,3";"989,3";"988,6";"0,8";"203,0";"4,6";"";"0,6"
"13/02/2022";"0200";"23,1";"23,3";"22,9";"92,0";"93,0";"90,0";"21,8";"21,8";"21,4";"989,4";"989,5";"989,3";"0,3";"293,0";"2,4";"";"0,0"
"13/02/2022";"0300";"22,8";"23,1";"22,7";"92,0";"93,0";"92,0";"21,4";"21,8";"21,4";"988,9";"989,4";"988,9";"0,9";"300,0";"1,4";"";"0,0"
"13/02/2022";"0400";"22,5";"22,8";"22,3";"94,0";"94,0";"92,0";"21,5";"21,5";"21,2";"988,8";"988,9";"988,7";"0,7";"355,0";"2,3";"";"0,0"
"13/02/2022";"0500";"22,1";"22,6";"22,0";"94,0";"94,0";"94,0";"21,1";"21,5";"21,0";"988,7";"988,8";"988,5";"1,5";"353,0";"3,0";"";"0,0"
"13/02/2022";"0600";"22,1";"22,2";"22,0";"95,0";"95,0";"94,0";"21,2";"21,3";"21,1";"988,4";"988,8";"988,4";"1,6";"313,0";"3,0";"";"0,0"
"13/02/2022";"0700";"22,0";"22,2";"21,9";"95,0";"95,0";"95,0";"21,2";"21,3";"21,1";"988,1";"988,4";"988,0";"1,0";"275,0";"2,2";"";"0,0"
"13/02/2022";"0800";"22,0";"22,2";"21,9";"94,0";"95,0";"94,0";"21,1";"21,2";"21,0";"988,0";"988,1";"987,9";"0,3";"205,0";"2,3";"";"0,0"
"13/02/2022";"0900";"22,2";"22,2";"21,7";"94,0";"95,0";"94,0";"21,2";"21,4";"20,9";"988,0";"988,1";"987,9";"1,4";"201,0";"2,4";"13,70";"0,0"
"13/02/2022";"1000";"23,7";"23,7";"22,2";"91,0";"94,0";"91,0";"22,3";"22,3";"21,2";"988,5";"988,5";"988,0";"1,0";"122,0";"2,2";"498,70";"0,0"
"13/02/2022";"1100";"24,5";"24,9";"23,7";"85,0";"92,0";"83,0";"21,9";"22,5";"21,5";"989,1";"989,1";"988,5";"1,0";"58,0";"2,0";"930,70";"0,0"
"13/02/2022";"1200";"26,0";"26,0";"24,5";"78,0";"87,0";"77,0";"21,9";"22,3";"21,2";"989,8";"989,8";"989,1";"1,3";"92,0";"2,8";"1375,10";"0,0"
"13/02/2022";"1300";"26,8";"27,4";"25,8";"72,0";"79,0";"70,0";"21,4";"22,4";"21,3";"990,1";"990,1";"989,8";"2,6";"101,0";"4,8";"2142,60";"0,2"
"13/02/2022";"1400";"27,8";"28,3";"26,6";"67,0";"75,0";"66,0";"21,1";"22,0";"20,8";"989,8";"990,2";"989,8";"2,5";"93,0";"5,8";"2656,70";"0,0"
"13/02/2022";"1500";"28,9";"29,4";"27,3";"64,0";"71,0";"61,0";"21,4";"22,5";"20,4";"989,0";"989,8";"989,0";"1,2";"276,0";"4,5";"2087,30";"0,0"
"13/02/2022";"1600";"30,7";"30,7";"28,5";"60,0";"65,0";"57,0";"21,9";"21,9";"20,1";"987,9";"989,0";"987,9";"1,4";"328,0";"3,4";"2499,10";"0,0"
"13/02/2022";"1700";"30,6";"31,0";"29,2";"55,0";"61,0";"50,0";"20,6";"21,9";"18,8";"986,7";"987,9";"986,7";"1,2";"353,0";"3,7";"3233,30";"0,0"
"13/02/2022";"1800";"30,3";"31,5";"30,1";"56,0";"59,0";"51,0";"20,4";"21,7";"19,5";"985,8";"986,7";"985,8";"1,9";"154,0";"4,1";"3063,40";"0,0"
"13/02/2022";"1900";"31,5";"32,1";"30,3";"50,0";"58,0";"48,0";"19,8";"21,3";"19,3";"985,1";"985,8";"985,1";"1,6";"299,0";"4,1";"2412,40";"0,0"
"13/02/2022";"2000";"30,5";"32,0";"30,5";"53,0";"54,0";"47,0";"20,0";"21,2";"18,9";"984,6";"985,1";"984,6";"0,7";"162,0";"3,0";"1371,30";"0,0"
"13/02/2022";"2100";"29,3";"30,5";"29,2";"57,0";"58,0";"54,0";"19,8";"20,9";"19,8";"985,2";"985,2";"984,5";"1,1";"188,0";"2,5";"414,20";"0,0"
"13/02/2022";"2200";"28,7";"29,3";"28,5";"62,0";"62,0";"57,0";"20,8";"20,8";"19,9";"985,8";"985,8";"985,2";"0,9";"162,0";"2,5";"23,90";"0,0"
"13/02/2022";"2300";"26,5";"28,7";"26,0";"77,0";"85,0";"63,0";"22,2";"23,3";"20,8";"986,9";"986,9";"985,8";"1,1";"70,0";"2,5";"";"0,0"
"14/02/2022";"0000";"26,4";"27,0";"26,4";"75,0";"77,0";"72,0";"21,7";"22,0";"21,5";"987,9";"987,9";"986,9";"1,9";"54,0";"5,1";"";"0,0"
"14/02/2022";"0100";"25,6";"26,4";"25,5";"78,0";"79,0";"75,0";"21,5";"21,8";"21,4";"988,4";"988,4";"987,9";"2,5";"75,0";"3,7";"";"0,0"
"14/02/2022";"0200";"24,7";"25,6";"24,6";"77,0";"80,0";"77,0";"20,5";"21,4";"20,5";"988,5";"988,8";"988,4";"3,4";"33,0";"5,1";"";"0,0"
"14/02/2022";"0300";"24,4";"24,7";"24,0";"79,0";"81,0";"77,0";"20,4";"20,7";"20,3";"988,9";"989,0";"988,5";"2,9";"40,0";"5,8";"";"0,0"
"14/02/2022";"0400";"24,0";"24,5";"23,9";"82,0";"82,0";"78,0";"20,7";"20,7";"20,4";"988,3";"988,9";"988,3";"2,1";"349,0";"7,1";"";"0,0"
"14/02/2022";"0500";"23,5";"24,1";"23,5";"86,0";"86,0";"81,0";"21,0";"21,0";"20,7";"987,8";"988,3";"987,8";"1,3";"116,0";"5,1";"";"0,0"
"14/02/2022";"0600";"23,5";"23,7";"23,4";"87,0";"88,0";"85,0";"21,2";"21,3";"20,9";"987,9";"988,0";"987,8";"0,6";"152,0";"2,1";"";"0,0"
"14/02/2022";"0700";"23,4";"23,8";"23,4";"88,0";"89,0";"85,0";"21,3";"21,6";"21,2";"987,8";"988,0";"987,7";"1,0";"233,0";"2,0";"";"0,0"
"14/02/2022";"0800";"23,1";"23,6";"23,1";"89,0";"89,0";"87,0";"21,2";"21,3";"21,1";"987,8";"987,9";"987,7";"0,7";"256,0";"1,7";"";"0,0"
"14/02/2022";"0900";"23,0";"23,4";"23,0";"91,0";"91,0";"88,0";"21,4";"21,4";"21,1";"988,0";"988,0";"987,8";"0,4";"157,0";"1,8";"18,60";"0,0"
"14/02/2022";"1000";"23,7";"24,2";"23,0";"88,0";"92,0";"86,0";"21,6";"22,3";"21,3";"988,2";"988,2";"987,9";"0,6";"20,0";"1,5";"287,50";"0,0"
"14/02/2022";"1100";"24,6";"24,6";"23,8";"84,0";"89,0";"84,0";"21,7";"21,9";"21,4";"988,5";"988,6";"988,2";"0,7";"24,0";"1,7";"546,80";"0,0"
"14/02/2022";"1200";"26,5";"26,5";"24,5";"77,0";"85,0";"76,0";"22,1";"22,2";"21,5";"988,8";"988,8";"988,5";"2,0";"17,0";"4,7";"1354,80";"0,0"
"14/02/2022";"1300";"27,7";"28,0";"26,4";"69,0";"77,0";"69,0";"21,4";"22,6";"21,4";"989,1";"989,2";"988,8";"1,5";"22,0";"4,7";"1880,00";"0,0"
"14/02/2022";"1400";"29,6";"30,1";"27,3";"63,0";"72,0";"61,0";"21,8";"23,2";"20,7";"989,0";"989,1";"989,0";"1,3";"40,0";"3,4";"2016,30";"0,0"
"14/02/2022";"1500";"29,6";"30,3";"28,5";"62,0";"67,0";"60,0";"21,5";"22,8";"20,8";"988,5";"989,0";"988,5";"1,7";"345,0";"5,0";"2308,70";"0,0"
"14/02/2022";"1600";"31,1";"31,3";"28,9";"59,0";"65,0";"57,0";"22,3";"23,4";"20,5";"987,3";"988,5";"987,3";"2,1";"40,0";"4,8";"2468,20";"0,0"
"14/02/2022";"1700";"30,3";"32,0";"30,3";"58,0";"61,0";"53,0";"21,0";"22,8";"20,6";"986,3";"987,4";"986,3";"1,7";"332,0";"4,8";"3327,40";"0,0"
"14/02/2022";"1800";"31,6";"32,7";"30,3";"51,0";"58,0";"48,0";"20,4";"22,4";"19,3";"985,3";"986,3";"985,3";"1,9";"36,0";"4,0";"3009,10";"0,0"
"14/02/2022";"1900";"31,8";"32,7";"31,4";"50,0";"54,0";"50,0";"20,2";"22,2";"19,8";"984,9";"985,3";"984,8";"2,2";"56,0";"5,0";"2394,90";"0,0"
"14/02/2022";"2000";"31,0";"32,6";"30,8";"52,0";"55,0";"50,0";"19,9";"21,3";"19,9";"985,4";"985,5";"984,8";"0,4";"164,0";"3,9";"1220,40";"0,0"
"14/02/2022";"2100";"23,5";"31,0";"21,5";"78,0";"89,0";"52,0";"19,4";"21,2";"18,5";"986,4";"986,9";"985,4";"4,5";"263,0";"18,8";"39,70";"7,6"
"14/02/2022";"2200";"22,2";"23,7";"22,0";"86,0";"90,0";"75,0";"19,8";"20,4";"18,9";"985,6";"986,3";"985,5";"1,6";"273,0";"9,1";"2,20";"1,0"
"14/02/2022";"2300";"21,8";"22,2";"21,6";"88,0";"90,0";"85,0";"19,8";"19,9";"19,5";"987,2";"987,2";"985,6";"1,3";"165,0";"5,0";"";"0,0"
"15/02/2022";"0000";"21,6";"22,0";"21,5";"92,0";"92,0";"87,0";"20,3";"20,4";"19,7";"988,4";"988,4";"987,1";"1,6";"120,0";"2,8";"";"0,0"
"15/02/2022";"0100";"22,0";"22,0";"21,6";"93,0";"93,0";"91,0";"20,7";"20,7";"20,2";"988,9";"989,1";"988,4";"0,6";"302,0";"2,3";"";"0,0"
"15/02/2022";"0200";"22,3";"22,3";"21,8";"93,0";"93,0";"93,0";"21,0";"21,1";"20,6";"989,4";"989,5";"988,8";"1,1";"93,0";"2,4";"";"0,0"
"15/02/2022";"0300";"22,0";"22,3";"21,9";"93,0";"93,0";"93,0";"20,8";"21,2";"20,8";"989,1";"989,4";"989,0";"0,9";"198,0";"3,8";"";"0,0"
"15/02/2022";"0400";"22,0";"22,1";"21,8";"93,0";"94,0";"93,0";"20,8";"21,0";"20,7";"988,7";"989,1";"988,7";"1,1";"314,0";"3,8";"";"0,0"
"15/02/2022";"0500";"22,0";"22,2";"21,9";"93,0";"93,0";"92,0";"20,9";"20,9";"20,7";"987,7";"988,8";"987,7";"1,7";"150,0";"3,4";"";"0,0"
"15/02/2022";"0600";"21,7";"22,1";"21,7";"94,0";"94,0";"93,0";"20,7";"21,0";"20,7";"987,1";"987,7";"987,0";"1,3";"152,0";"3,4";"";"0,0"
"15/02/2022";"0700";"21,7";"21,9";"21,6";"95,0";"95,0";"94,0";"20,8";"21,0";"20,6";"987,4";"987,4";"987,1";"0,6";"254,0";"1,9";"";"0,0"
"15/02/2022";"0800";"21,5";"21,7";"21,4";"96,0";"96,0";"95,0";"20,7";"20,8";"20,7";"987,7";"987,7";"987,3";"0,9";"286,0";"1,7";"";"0,0"
"15/02/2022";"0900";"21,5";"21,5";"21,3";"96,0";"96,0";"95,0";"20,8";"20,8";"20,6";"988,3";"988,3";"987,7";"0,7";"239,0";"2,4";"9,00";"0,0"
"15/02/2022";"1000";"22,8";"22,8";"21,4";"92,0";"96,0";"91,0";"21,4";"21,6";"20,7";"989,6";"989,6";"988,3";"0,9";"206,0";"1,9";"319,40";"0,0"
"15/02/2022";"1100";"25,3";"25,5";"22,8";"79,0";"92,0";"79,0";"21,4";"22,0";"20,9";"989,9";"989,9";"989,6";"2,1";"222,0";"3,9";"1229,80";"0,0"
"15/02/2022";"1200";"26,1";"26,1";"24,7";"79,0";"82,0";"77,0";"22,0";"22,3";"20,8";"990,4";"990,4";"989,9";"2,6";"232,0";"3,9";"1429,30";"0,0"
"15/02/2022";"1300";"27,2";"27,9";"25,9";"71,0";"78,0";"69,0";"21,5";"22,6";"21,0";"990,0";"990,4";"990,0";"1,1";"137,0";"4,2";"2789,00";"0,0"
"15/02/2022";"1400";"28,8";"29,1";"27,2";"68,0";"75,0";"66,0";"22,3";"22,8";"21,4";"989,3";"990,0";"989,3";"1,9";"8,0";"3,8";"2422,80";"0,2"
"15/02/2022";"1500";"30,0";"30,3";"28,6";"62,0";"68,0";"60,0";"21,8";"22,7";"21,1";"988,5";"989,3";"988,5";"1,1";"360,0";"4,7";"2847,30";"0,0"
"15/02/2022";"1600";"31,1";"31,4";"29,9";"59,0";"65,0";"57,0";"22,1";"23,1";"21,1";"987,4";"988,5";"987,4";"1,0";"122,0";"4,6";"3647,70";"0,0"
"15/02/2022";"1700";"31,6";"32,7";"30,8";"58,0";"61,0";"54,0";"22,4";"23,1";"21,4";"986,6";"987,4";"986,6";"2,9";"103,0";"5,3";"3154,80";"0,0"
"15/02/2022";"1800";"32,0";"32,2";"31,0";"56,0";"63,0";"55,0";"22,1";"23,6";"21,8";"986,1";"986,6";"986,0";"1,9";"165,0";"5,3";"2542,20";"0,0"
"15/02/2022";"1900";"31,2";"32,0";"30,9";"59,0";"60,0";"56,0";"22,3";"22,8";"21,8";"985,7";"986,1";"985,4";"3,2";"109,0";"6,7";"1801,50";"0,0"
"15/02/2022";"2000";"30,0";"31,2";"30,0";"63,0";"63,0";"58,0";"22,1";"22,7";"21,6";"985,5";"985,8";"985,3";"1,9";"114,0";"5,9";"709,60";"0,0"
"15/02/2022";"2100";"28,0";"30,3";"28,0";"73,0";"73,0";"61,0";"22,6";"22,8";"21,8";"986,2";"986,4";"985,5";"3,3";"254,0";"7,7";"89,20";"0,0"
"15/02/2022";"2200";"25,4";"28,0";"24,9";"81,0";"84,0";"73,0";"21,9";"22,9";"20,9";"986,8";"987,0";"986,0";"3,9";"243,0";"9,4";"15,30";"0,0"
"15/02/2022";"2300";"23,7";"25,4";"23,7";"86,0";"89,0";"81,0";"21,1";"22,0";"21,1";"988,0";"988,1";"986,8";"3,2";"324,0";"8,2";"";"0,0"
"16/02/2022";"0000";"23,9";"23,9";"23,6";"86,0";"88,0";"85,0";"21,5";"21,6";"21,1";"989,0";"989,0";"988,0";"2,0";"326,0";"5,5";"";"0,0"
"16/02/2022";"0100";"24,1";"24,4";"23,9";"79,0";"86,0";"79,0";"20,2";"21,5";"20,2";"989,7";"989,7";"989,0";"2,0";"31,0";"4,8";"";"0,0"
"16/02/2022";"0200";"23,7";"24,6";"23,7";"81,0";"83,0";"76,0";"20,2";"21,0";"20,0";"989,6";"990,0";"989,6";"3,2";"81,0";"4,2";"";"0,0"
"16/02/2022";"0300";"22,9";"23,7";"22,8";"88,0";"89,0";"81,0";"20,9";"20,9";"20,1";"990,3";"990,3";"989,6";"3,8";"79,0";"5,3";"";"0,0"
"16/02/2022";"0400";"22,3";"23,0";"22,3";"89,0";"89,0";"86,0";"20,5";"20,8";"20,4";"989,1";"990,3";"989,1";"0,8";"277,0";"6,1";"";"0,0"
"16/02/2022";"0500";"22,4";"22,4";"22,1";"90,0";"91,0";"89,0";"20,7";"20,8";"20,4";"988,9";"989,3";"988,7";"2,6";"184,0";"4,5";"";"0,0"
"16/02/2022";"0600";"23,0";"23,1";"22,4";"87,0";"90,0";"87,0";"20,7";"21,1";"20,7";"988,4";"988,9";"988,3";"1,4";"206,0";"5,7";"";"0,0"
"16/02/2022";"0700";"22,9";"23,0";"22,8";"89,0";"89,0";"87,0";"21,0";"21,1";"20,7";"989,1";"989,1";"988,4";"2,5";"324,0";"4,0";"";"0,0"
"16/02/2022";"0800";"22,7";"22,9";"22,5";"85,0";"90,0";"85,0";"20,1";"21,0";"20,0";"989,5";"989,5";"989,1";"2,5";"34,0";"4,8";"";"0,0"
"16/02/2022";"0900";"22,5";"22,8";"22,5";"86,0";"86,0";"84,0";"20,0";"20,1";"19,9";"989,7";"989,8";"989,5";"0,3";"85,0";"4,8";"3,20";"0,0"
"16/02/2022";"1000";"23,1";"23,1";"22,4";"85,0";"88,0";"85,0";"20,3";"20,5";"20,0";"989,8";"989,9";"989,6";"0,5";"181,0";"1,9";"216,80";"0,0"
"16/02/2022";"1100";"24,0";"24,1";"23,1";"83,0";"85,0";"83,0";"21,0";"21,2";"20,3";"990,1";"990,1";"989,7";"1,5";"313,0";"2,4";"686,70";"0,0"
"16/02/2022";"1200";"25,6";"25,6";"24,0";"77,0";"85,0";"77,0";"21,4";"21,5";"20,9";"990,7";"990,7";"989,9";"0,7";"140,0";"3,4";"1202,90";"0,0"
"16/02/2022";"1300";"26,1";"27,3";"25,1";"73,0";"78,0";"70,0";"20,9";"22,0";"20,7";"991,6";"991,6";"990,7";"1,3";"152,0";"3,1";"1682,30";"0,0"
"16/02/2022";"1400";"27,8";"28,3";"26,0";"64,0";"74,0";"63,0";"20,3";"21,9";"20,3";"991,5";"991,6";"991,4";"1,9";"98,0";"4,2";"1968,90";"0,0"
"16/02/2022";"1500";"28,0";"29,5";"27,5";"62,0";"67,0";"60,0";"20,0";"22,1";"19,8";"991,1";"991,5";"991,1";"2,2";"97,0";"3,9";"2857,40";"0,0"
"16/02/2022";"1600";"29,2";"29,5";"27,9";"60,0";"66,0";"58,0";"20,6";"21,7";"19,3";"990,0";"991,1";"990,0";"2,5";"119,0";"4,3";"2759,30";"0,0"
"16/02/2022";"1700";"29,3";"30,8";"28,8";"58,0";"63,0";"55,0";"20,3";"21,8";"19,9";"989,1";"990,0";"989,1";"2,2";"99,0";"5,3";"2998,20";"0,0"
"16/02/2022";"1800";"30,4";"31,2";"29,3";"54,0";"59,0";"51,0";"20,0";"21,3";"19,2";"987,8";"989,1";"987,8";"2,5";"74,0";"5,0";"3109,20";"0,0"
"16/02/2022";"1900";"30,7";"31,0";"30,3";"52,0";"55,0";"48,0";"19,8";"20,2";"18,4";"987,3";"987,8";"987,3";"1,7";"81,0";"4,8";"2359,10";"0,0"
"16/02/2022";"2000";"29,5";"30,7";"29,5";"55,0";"56,0";"50,0";"19,4";"20,3";"18,7";"987,4";"987,4";"987,1";"2,7";"86,0";"4,9";"1334,20";"0,0"
"16/02/2022";"2100";"28,8";"29,5";"28,8";"60,0";"60,0";"53,0";"20,4";"20,4";"18,8";"987,8";"987,8";"987,4";"1,4";"74,0";"4,0";"395,30";"0,0"
"16/02/2022";"2200";"27,3";"28,8";"27,3";"70,0";"70,0";"60,0";"21,3";"21,4";"20,5";"988,4";"988,4";"987,8";"0,6";"80,0";"2,9";"25,10";"0,0"
"16/02/2022";"2300";"26,3";"27,3";"26,0";"77,0";"81,0";"70,0";"22,0";"22,5";"21,1";"989,3";"989,3";"988,4";"0,5";"7,0";"1,2";"";"0,0"
"17/02/2022";"0000";"26,5";"26,7";"26,3";"73,0";"78,0";"72,0";"21,2";"22,3";"21,1";"989,9";"989,9";"989,3";"1,4";"45,0";"2,9";"";"0,0"
"17/02/2022";"0100";"25,8";"26,5";"25,6";"74,0";"77,0";"72,0";"20,9";"21,6";"20,7";"990,3";"990,3";"989,9";"1,6";"94,0";"2,5";"";"0,0"
"17/02/2022";"0200";"24,3";"25,9";"24,2";"82,0";"83,0";"74,0";"21,0";"21,2";"20,9";"990,4";"990,6";"990,3";"1,5";"50,0";"2,9";"";"0,0"
"17/02/2022";"0300";"24,2";"25,1";"24,2";"87,0";"87,0";"77,0";"21,8";"21,8";"20,7";"990,1";"990,6";"990,0";"0,3";"281,0";"2,5";"";"0,0"
"17/02/2022";"0400";"23,7";"24,2";"23,7";"89,0";"89,0";"86,0";"21,8";"22,0";"21,6";"989,7";"990,2";"989,6";"0,3";"30,0";"1,1";"";"0,0"
"17/02/2022";"0500";"24,0";"24,4";"23,7";"87,0";"89,0";"83,0";"21,7";"21,9";"21,3";"989,2";"989,7";"989,2";"0,2";"103,0";"1,2";"";"0,0"
"17/02/2022";"0600";"24,0";"24,1";"23,8";"88,0";"89,0";"87,0";"21,8";"22,0";"21,7";"988,9";"989,2";"988,8";"0,4";"359,0";"1,7";"";"0,0"
"17/02/2022";"0700";"23,5";"24,0";"23,5";"87,0";"88,0";"86,0";"21,2";"21,8";"21,2";"988,6";"988,9";"988,5";"0,6";"76,0";"3,3";"";"0,0"
"17/02/2022";"0800";"23,5";"23,7";"23,5";"88,0";"88,0";"86,0";"21,4";"21,4";"21,2";"989,1";"989,1";"988,6";"0,5";"111,0";"1,2";"";"0,0"
"17/02/2022";"0900";"23,5";"23,5";"23,2";"87,0";"90,0";"87,0";"21,3";"21,5";"21,2";"989,2";"989,2";"989,1";"0,3";"338,0";"1,8";"3,40";"0,0"
"17/02/2022";"1000";"24,6";"24,6";"23,2";"83,0";"90,0";"83,0";"21,5";"22,3";"21,3";"989,8";"989,8";"989,2";"1,1";"37,0";"1,9";"343,10";"0,0"
"17/02/2022";"1100";"25,1";"25,9";"24,6";"81,0";"83,0";"78,0";"21,7";"22,3";"21,2";"990,2";"990,2";"989,8";"2,2";"94,0";"4,6";"1031,40";"0,0"
"17/02/2022";"1200";"27,5";"27,8";"25,1";"69,0";"82,0";"69,0";"21,2";"22,6";"21,1";"990,2";"990,3";"990,2";"2,2";"88,0";"3,8";"1783,30";"0,0"
"17/02/2022";"1300";"27,9";"28,0";"26,4";"69,0";"74,0";"68,0";"21,8";"22,3";"21,1";"989,9";"990,2";"989,8";"2,0";"103,0";"5,5";"1863,20";"0,0"
"17/02/2022";"1400";"26,6";"27,9";"23,9";"83,0";"91,0";"68,0";"23,4";"23,8";"21,2";"989,2";"989,9";"989,2";"0,8";"316,0";"7,4";"1280,70";"2,6"
"17/02/2022";"1500";"29,1";"29,5";"26,6";"64,0";"84,0";"64,0";"21,6";"23,9";"21,5";"988,3";"989,2";"988,3";"2,0";"64,0";"3,8";"2815,20";"0,0"
"17/02/2022";"1600";"28,7";"30,4";"28,5";"67,0";"71,0";"58,0";"21,9";"23,9";"20,4";"987,4";"988,3";"987,4";"2,0";"58,0";"5,7";"3219,10";"0,2"
"17/02/2022";"1700";"29,3";"30,6";"28,6";"66,0";"67,0";"59,0";"22,3";"23,3";"20,9";"986,1";"987,4";"986,1";"2,7";"224,0";"5,5";"2655,30";"0,0"
"17/02/2022";"1800";"28,8";"31,2";"28,8";"61,0";"69,0";"58,0";"20,6";"23,4";"20,6";"985,5";"986,1";"985,5";"3,8";"113,0";"9,5";"2609,60";"0,0"
"17/02/2022";"1900";"27,2";"28,7";"26,9";"71,0";"72,0";"62,0";"21,4";"22,2";"20,6";"985,0";"985,6";"985,0";"3,4";"53,0";"9,5";"1267,70";"0,0"
"17/02/2022";"2000";"26,3";"27,3";"26,3";"74,0";"74,0";"69,0";"21,3";"21,8";"21,0";"985,6";"985,6";"984,9";"2,8";"53,0";"5,5";"601,20";"0,0"
"17/02/2022";"2100";"24,6";"26,3";"24,6";"86,0";"86,0";"74,0";"22,2";"22,3";"21,2";"985,9";"985,9";"985,5";"3,0";"313,0";"4,4";"94,30";"0,0"
"17/02/2022";"2200";"22,4";"24,8";"22,2";"95,0";"95,0";"85,0";"21,7";"22,3";"21,1";"987,0";"987,1";"985,9";"3,1";"68,0";"11,2";"4,50";"14,4"
"17/02/2022";"2300";"22,0";"22,6";"22,0";"95,0";"95,0";"95,0";"21,1";"21,8";"21,1";"987,3";"987,3";"986,8";"3,0";"72,0";"7,7";"";"0,4"
"18/02/2022";"0000";"22,1";"22,2";"22,0";"94,0";"95,0";"94,0";"21,2";"21,2";"21,1";"987,9";"988,0";"987,3";"1,7";"27,0";"5,0";"";"0,0"
"18/02/2022";"0100";"22,4";"22,5";"22,1";"94,0";"94,0";"93,0";"21,4";"21,4";"21,2";"988,7";"988,7";"987,9";"1,4";"342,0";"4,2";"";"0,0"
"18/02/2022";"0200";"22,6";"22,6";"22,4";"94,0";"94,0";"94,0";"21,6";"21,7";"21,3";"988,9";"989,0";"988,7";"0,7";"289,0";"3,6";"";"0,0"
"18/02/2022";"0300";"22,7";"22,8";"22,6";"95,0";"95,0";"94,0";"21,8";"21,8";"21,6";"988,1";"988,9";"988,1";"0,9";"131,0";"1,6";"";"0,0"
"18/02/2022";"0400";"22,7";"22,8";"22,6";"94,0";"95,0";"94,0";"21,6";"21,9";"21,6";"987,6";"988,2";"987,6";"1,7";"163,0";"3,1";"";"0,2"
"18/02/2022";"0500";"22,7";"22,7";"22,7";"94,0";"94,0";"94,0";"21,7";"21,8";"21,6";"986,8";"987,6";"986,8";"1,0";"64,0";"3,3";"";"0,4"
"18/02/2022";"0600";"22,6";"22,8";"22,6";"92,0";"95,0";"91,0";"21,1";"21,9";"21,1";"986,1";"986,8";"986,1";"1,0";"32,0";"2,1";"";"0,0"
"18/02/2022";"0700";"22,3";"22,6";"22,3";"94,0";"94,0";"92,0";"21,2";"21,3";"21,1";"985,8";"986,1";"985,8";"1,8";"81,0";"2,9";"";"0,2"
"18/02/2022";"0800";"22,4";"22,5";"22,3";"95,0";"95,0";"94,0";"21,5";"21,5";"21,2";"985,9";"986,0";"985,8";"0,9";"354,0";"2,7";"";"0,2"
"18/02/2022";"0900";"22,4";"22,4";"22,3";"94,0";"95,0";"94,0";"21,4";"21,5";"21,3";"986,0";"986,0";"985,7";"0,9";"26,0";"2,1";"0,10";"0,0"
"18/02/2022";"1000";"22,5";"22,6";"22,4";"94,0";"94,0";"94,0";"21,5";"21,6";"21,4";"986,4";"986,4";"986,0";"0,6";"190,0";"1,4";"59,90";"0,8"
"18/02/2022";"1100";"22,5";"22,7";"22,4";"95,0";"95,0";"94,0";"21,7";"21,8";"21,4";"986,9";"986,9";"986,4";"0,7";"9,0";"1,8";"139,00";"4,2"
"18/02/2022";"1200";"22,9";"23,0";"22,5";"94,0";"95,0";"94,0";"22,0";"22,2";"21,6";"987,3";"987,3";"986,9";"0,6";"112,0";"1,6";"184,10";"0,0"
"18/02/2022";"1300";"25,9";"26,0";"22,9";"83,0";"95,0";"81,0";"22,8";"24,0";"22,0";"987,3";"987,4";"987,2";"0,8";"42,0";"2,8";"1706,30";"0,4"
"18/02/2022";"1400";"26,1";"26,2";"25,3";"81,0";"86,0";"81,0";"22,7";"23,3";"22,0";"986,8";"987,3";"986,8";"1,9";"114,0";"3,5";"1801,20";"0,0"
"18/02/2022";"1500";"27,0";"27,2";"26,0";"75,0";"82,0";"75,0";"22,2";"23,1";"22,2";"986,0";"986,8";"986,0";"2,0";"132,0";"4,5";"2232,50";"0,0"
"18/02/2022";"1600";"26,4";"28,2";"26,4";"79,0";"79,0";"73,0";"22,5";"23,4";"22,3";"984,8";"986,0";"984,8";"3,3";"167,0";"5,6";"1589,10";"0,0"
"18/02/2022";"1700";"24,1";"27,1";"24,0";"86,0";"87,0";"76,0";"21,7";"23,1";"21,1";"984,8";"984,8";"984,2";"3,3";"109,0";"10,4";"1159,20";"0,0"
"18/02/2022";"1800";"22,5";"24,1";"22,5";"92,0";"93,0";"84,0";"21,2";"21,6";"21,1";"984,1";"984,9";"984,0";"4,0";"109,0";"9,4";"566,00";"1,8"
"18/02/2022";"1900";"22,8";"22,8";"22,2";"95,0";"95,0";"92,0";"22,0";"22,0";"21,3";"983,8";"984,4";"983,6";"1,0";"349,0";"5,5";"185,70";"9,4"
"18/02/2022";"2000";"23,8";"23,9";"22,8";"92,0";"95,0";"92,0";"22,5";"22,8";"22,0";"983,7";"983,8";"983,4";"1,8";"344,0";"3,9";"657,30";"0,8"
"18/02/2022";"2100";"24,0";"24,0";"23,8";"92,0";"93,0";"92,0";"22,6";"22,7";"22,4";"984,3";"984,3";"983,6";"0,2";"59,0";"3,1";"203,40";"0,0"
"18/02/2022";"2200";"23,5";"24,0";"23,5";"94,0";"94,0";"91,0";"22,4";"22,6";"22,3";"984,8";"984,9";"984,3";"1,4";"83,0";"2,2";"2,20";"0,6"
"18/02/2022";"2300";"23,6";"23,6";"23,4";"95,0";"95,0";"94,0";"22,7";"22,7";"22,4";"985,7";"985,7";"984,8";"1,3";"61,0";"3,4";"";"0,2"
"19/02/2022";"0000";"23,6";"23,7";"23,6";"93,0";"95,0";"93,0";"22,4";"22,7";"22,4";"985,8";"985,9";"985,7";"0,9";"27,0";"2,5";"";"0,0"
"19/02/2022";"0100";"23,5";"23,6";"23,4";"94,0";"94,0";"93,0";"22,5";"22,6";"22,3";"986,3";"986,3";"985,8";"0,4";"343,0";"2,1";"";"0,0"
"19/02/2022";"0200";"23,4";"23,6";"23,4";"95,0";"95,0";"94,0";"22,6";"22,7";"22,5";"986,8";"986,8";"986,3";"0,6";"318,0";"1,2";"";"0,4"
"19/02/2022";"0300";"23,6";"23,6";"23,4";"95,0";"95,0";"95,0";"22,7";"22,8";"22,5";"986,6";"986,8";"986,6";"0,9";"62,0";"2,6";"";"0,2"
"19/02/2022";"0400";"23,3";"23,6";"23,3";"95,0";"95,0";"95,0";"22,4";"22,7";"22,4";"986,1";"986,6";"986,0";"0,8";"52,0";"1,9";"";"0,0"
"19/02/2022";"0500";"22,7";"23,3";"22,7";"96,0";"96,0";"95,0";"22,0";"22,5";"22,0";"985,8";"986,1";"985,8";"1,0";"291,0";"2,4";"";"0,0"
"19/02/2022";"0600";"22,9";"22,9";"22,7";"95,0";"96,0";"95,0";"22,0";"22,1";"22,0";"985,9";"986,0";"985,7";"1,5";"64,0";"3,3";"";"0,0"
"19/02/2022";"0700";"22,4";"22,9";"22,4";"94,0";"95,0";"93,0";"21,4";"22,0";"21,4";"985,6";"985,9";"985,5";"1,3";"80,0";"3,2";"";"0,2"
"19/02/2022";"0800";"22,3";"22,4";"22,3";"94,0";"94,0";"93,0";"21,2";"21,4";"21,2";"986,0";"986,4";"985,6";"1,2";"84,0";"3,0";"";"0,0"
"19/02/2022";"0900";"22,0";"22,3";"22,0";"95,0";"95,0";"94,0";"21,2";"21,2";"21,1";"986,5";"986,5";"985,7";"1,1";"347,0";"3,1";"1,20";"1,2"
"19/02/2022";"1000";"22,5";"22,5";"22,0";"94,0";"95,0";"94,0";"21,4";"21,5";"21,2";"987,5";"987,5";"986,5";"2,1";"327,0";"3,4";"127,10";"0,0"
"19/02/2022";"1100";"23,3";"23,4";"22,5";"91,0";"94,0";"91,0";"21,8";"22,1";"21,3";"987,8";"987,9";"987,5";"2,0";"110,0";"3,5";"388,80";"0,0"
"19/02/2022";"1200";"26,6";"26,6";"23,4";"81,0";"92,0";"79,0";"23,0";"23,0";"21,5";"987,6";"987,8";"987,6";"3,0";"68,0";"5,1";"1785,70";"0,0"
"19/02/2022";"1300";"26,0";"26,6";"25,4";"81,0";"83,0";"77,0";"22,4";"22,9";"21,7";"987,7";"987,8";"987,6";"2,4";"66,0";"6,1";"2500,80";"0,0"
"19/02/2022";"1400";"27,4";"27,8";"26,0";"75,0";"81,0";"72,0";"22,5";"23,4";"21,9";"987,7";"987,7";"987,5";"1,7";"65,0";"5,0";"1804,30";"0,0"
"19/02/2022";"1500";"28,1";"28,3";"26,2";"75,0";"85,0";"69,0";"23,2";"24,1";"21,6";"987,2";"987,8";"987,2";"0,6";"33,0";"3,4";"1635,30";"0,4"
"19/02/2022";"1600";"30,2";"30,2";"28,1";"62,0";"77,0";"61,0";"22,0";"23,7";"21,8";"986,3";"987,2";"986,3";"3,4";"60,0";"5,9";"3325,10";"0,0"
"19/02/2022";"1700";"30,7";"30,8";"29,7";"63,0";"65,0";"58,0";"22,8";"23,2";"20,9";"985,2";"986,3";"985,2";"3,1";"85,0";"7,1";"3453,40";"0,2"
"19/02/2022";"1800";"29,6";"31,0";"29,2";"67,0";"69,0";"62,0";"22,8";"24,0";"22,2";"984,4";"985,2";"984,4";"4,2";"97,0";"7,5";"2496,40";"0,0"
"19/02/2022";"1900";"29,4";"30,1";"29,4";"66,0";"68,0";"64,0";"22,4";"23,4";"22,3";"984,2";"984,5";"984,1";"4,7";"100,0";"7,5";"1352,50";"0,0"
"19/02/2022";"2000";"28,5";"29,4";"28,5";"70,0";"71,0";"66,0";"22,6";"22,9";"22,5";"984,1";"985,0";"984,1";"3,4";"102,0";"8,0";"527,80";"0,0"
"19/02/2022";"2100";"24,0";"28,5";"24,0";"88,0";"88,0";"70,0";"21,9";"23,0";"21,1";"986,4";"986,4";"984,1";"2,4";"309,0";"12,0";"28,10";"0,4"
"19/02/2022";"2200";"22,2";"24,8";"22,1";"85,0";"88,0";"76,0";"19,4";"21,9";"19,2";"987,5";"987,6";"986,4";"1,8";"78,0";"11,4";"";"0,0"
"19/02/2022";"2300";"22,4";"22,5";"22,1";"86,0";"87,0";"84,0";"20,0";"20,0";"19,4";"988,2";"988,2";"987,1";"0,6";"192,0";"4,9";"";"0,0"
"20/02/2022";"0000";"21,8";"22,4";"21,8";"89,0";"90,0";"86,0";"19,9";"20,3";"19,8";"988,9";"988,9";"988,2";"1,9";"215,0";"5,4";"";"0,2"
"20/02/2022";"0100";"22,1";"22,1";"21,7";"89,0";"90,0";"88,0";"20,2";"20,2";"19,9";"990,0";"990,0";"988,9";"2,0";"253,0";"4,0";"";"0,0"
"20/02/2022";"0200";"22,1";"22,3";"22,0";"91,0";"91,0";"88,0";"20,5";"20,5";"20,2";"990,4";"990,5";"990,0";"2,0";"220,0";"6,6";"";"0,0"
"20/02/2022";"0300";"21,6";"22,2";"21,6";"92,0";"92,0";"89,0";"20,3";"20,5";"20,1";"990,5";"990,7";"990,3";"2,7";"224,0";"5,4";"";"1,4"
"20/02/2022";"0400";"21,4";"21,8";"21,3";"94,0";"94,0";"92,0";"20,3";"20,4";"20,3";"990,2";"990,5";"990,0";"2,0";"252,0";"4,2";"";"2,6"
"20/02/2022";"0500";"21,0";"21,5";"20,9";"95,0";"95,0";"93,0";"20,1";"20,4";"20,1";"990,5";"990,5";"990,1";"1,2";"325,0";"4,4";"";"5,4"
"20/02/2022";"0600";"21,1";"21,1";"21,0";"96,0";"96,0";"95,0";"20,4";"20,4";"20,1";"989,9";"990,5";"989,8";"1,8";"143,0";"3,7";"";"3,8"
"20/02/2022";"0700";"21,1";"21,2";"21,0";"96,0";"96,0";"96,0";"20,4";"20,5";"20,3";"990,2";"990,3";"989,9";"1,5";"177,0";"2,9";"";"1,8"
"20/02/2022";"0800";"21,3";"21,3";"21,1";"96,0";"96,0";"96,0";"20,6";"20,6";"20,4";"990,1";"990,4";"990,1";"0,4";"5,0";"2,9";"";"0,2"
"20/02/2022";"0900";"21,3";"21,3";"21,2";"96,0";"96,0";"96,0";"20,7";"20,7";"20,5";"990,9";"990,9";"990,0";"2,0";"316,0";"4,2";"4,50";"0,6"
"20/02/2022";"1000";"22,1";"22,1";"21,3";"94,0";"96,0";"94,0";"21,2";"21,2";"20,7";"991,4";"991,4";"990,8";"1,2";"323,0";"3,0";"255,20";"0,0"
"20/02/2022";"1100";"22,2";"22,3";"22,0";"92,0";"94,0";"91,0";"20,8";"21,2";"20,7";"992,0";"992,0";"991,4";"2,1";"71,0";"3,5";"468,30";"0,0"
"20/02/2022";"1200";"24,4";"24,7";"22,1";"83,0";"92,0";"82,0";"21,4";"22,1";"20,7";"992,3";"992,3";"991,9";"1,2";"50,0";"3,2";"1067,50";"0,0"
"20/02/2022";"1300";"25,2";"25,6";"23,7";"76,0";"86,0";"73,0";"20,7";"22,2";"20,1";"992,3";"992,4";"992,3";"2,2";"53,0";"4,6";"1870,90";"0,0"
"20/02/2022";"1400";"26,3";"26,7";"25,0";"71,0";"77,0";"70,0";"20,7";"22,0";"19,8";"992,3";"992,4";"992,3";"1,4";"66,0";"4,0";"2336,50";"0,2"
"20/02/2022";"1500";"26,4";"27,4";"26,0";"71,0";"75,0";"67,0";"20,7";"21,9";"20,1";"991,9";"992,3";"991,9";"1,9";"325,0";"4,3";"2427,50";"0,0"
"20/02/2022";"1600";"27,6";"28,1";"26,3";"66,0";"72,0";"64,0";"20,8";"21,6";"20,1";"991,0";"991,9";"991,0";"1,4";"342,0";"3,3";"2486,60";"0,0"
"20/02/2022";"1700";"29,2";"30,0";"27,6";"59,0";"69,0";"56,0";"20,2";"22,0";"19,8";"990,0";"991,0";"990,0";"1,6";"106,0";"3,3";"2929,80";"0,0"
"20/02/2022";"1800";"28,8";"30,3";"28,2";"60,0";"64,0";"57,0";"20,2";"21,9";"19,1";"989,3";"990,0";"989,3";"1,2";"46,0";"4,8";"2955,60";"0,0"
"20/02/2022";"1900";"28,8";"29,6";"28,3";"60,0";"62,0";"58,0";"20,3";"21,4";"19,5";"988,9";"989,3";"988,9";"1,9";"104,0";"3,8";"1908,10";"0,0"
"20/02/2022";"2000";"27,5";"29,2";"27,5";"65,0";"66,0";"58,0";"20,4";"21,0";"19,8";"988,7";"988,9";"988,5";"1,4";"138,0";"4,0";"1069,80";"0,0"
"20/02/2022";"2100";"26,8";"27,7";"26,7";"73,0";"73,0";"65,0";"21,4";"21,4";"20,4";"989,0";"989,0";"988,7";"0,5";"85,0";"2,5";"176,70";"0,0"
"20/02/2022";"2200";"25,2";"26,8";"25,2";"84,0";"84,0";"71,0";"22,3";"22,3";"21,1";"989,6";"989,6";"988,9";"0,9";"348,0";"1,5";"5,40";"0,0"
"20/02/2022";"2300";"24,0";"25,2";"24,0";"87,0";"88,0";"84,0";"21,7";"22,5";"21,7";"990,3";"990,3";"989,6";"1,8";"312,0";"3,0";"";"0,0"
"21/02/2022";"0000";"24,0";"24,2";"23,6";"89,0";"90,0";"87,0";"22,2";"22,2";"21,7";"990,9";"990,9";"990,3";"0,7";"314,0";"2,8";"";"0,0"
"21/02/2022";"0100";"23,6";"24,1";"23,0";"91,0";"93,0";"89,0";"22,1";"22,1";"21,6";"991,6";"991,6";"990,9";"0,7";"312,0";"2,9";"";"0,0"
"21/02/2022";"0200";"23,6";"23,7";"23,4";"91,0";"91,0";"90,0";"22,1";"22,1";"21,9";"991,6";"991,8";"991,5";"0,6";"19,0";"2,9";"";"0,0"
"21/02/2022";"0300";"24,0";"24,2";"23,4";"87,0";"92,0";"87,0";"21,7";"22,2";"21,7";"991,5";"991,7";"991,4";"1,1";"57,0";"3,7";"";"0,0"
"21/02/2022";"0400";"23,3";"24,0";"23,3";"91,0";"91,0";"87,0";"21,8";"22,1";"21,7";"991,2";"991,5";"991,1";"1,4";"323,0";"3,3";"";"0,0"
"21/02/2022";"0500";"22,9";"23,3";"22,8";"93,0";"93,0";"91,0";"21,7";"22,1";"21,5";"990,7";"991,2";"990,7";"0,9";"108,0";"2,0";"";"0,0"
"21/02/2022";"0600";"22,4";"23,1";"22,4";"94,0";"94,0";"93,0";"21,4";"21,9";"21,4";"990,7";"990,7";"990,6";"1,0";"294,0";"2,1";"";"0,0"
"21/02/2022";"0700";"22,1";"22,4";"22,0";"96,0";"96,0";"94,0";"21,4";"21,5";"21,3";"991,2";"991,2";"990,7";"0,9";"332,0";"2,1";"";"0,0"
"21/02/2022";"0800";"22,0";"22,2";"21,8";"96,0";"96,0";"96,0";"21,3";"21,5";"21,1";"991,3";"991,3";"991,2";"0,4";"307,0";"1,6";"";"0,0"
"21/02/2022";"0900";"21,5";"22,0";"21,5";"96,0";"96,0";"96,0";"20,9";"21,3";"20,9";"991,8";"991,8";"991,3";"1,0";"301,0";"2,0";"5,70";"0,0"
"21/02/2022";"1000";"23,6";"23,6";"21,5";"94,0";"96,0";"94,0";"22,6";"22,6";"21,0";"992,7";"992,7";"991,8";"0,5";"42,0";"2,3";"423,00";"0,0"
"21/02/2022";"1100";"26,4";"26,4";"23,6";"77,0";"94,0";"77,0";"22,0";"22,9";"21,4";"993,1";"993,1";"992,7";"1,1";"53,0";"2,2";"1344,60";"0,0"
"21/02/2022";"1200";"26,7";"27,4";"26,2";"71,0";"78,0";"69,0";"20,9";"22,4";"20,3";"993,5";"993,5";"993,1";"1,8";"35,0";"4,3";"1934,50";"0,0"
"21/02/2022";"1300";"27,9";"28,3";"26,2";"64,0";"72,0";"59,0";"20,3";"21,7";"19,4";"993,2";"993,5";"993,2";"3,0";"96,0";"5,4";"2724,80";"0,0"
"21/02/2022";"1400";"28,5";"29,5";"27,5";"57,0";"66,0";"55,0";"19,2";"21,2";"19,2";"992,9";"993,2";"992,9";"2,8";"89,0";"5,2";"3295,80";"0,0"
"21/02/2022";"1500";"30,0";"30,3";"28,3";"53,0";"60,0";"52,0";"19,3";"21,1";"18,6";"992,3";"992,9";"992,3";"1,7";"30,0";"4,8";"3983,80";"0,0"
"21/02/2022";"1600";"31,8";"32,0";"29,3";"49,0";"58,0";"48,0";"19,9";"21,0";"18,4";"991,1";"992,3";"991,0";"1,2";"247,0";"4,4";"3902,00";"0,0"
"21/02/2022";"1700";"31,4";"32,5";"30,5";"48,0";"54,0";"44,0";"19,2";"21,0";"17,2";"990,0";"991,1";"990,0";"1,8";"334,0";"4,6";"3628,40";"0,0"
"21/02/2022";"1800";"31,1";"32,0";"31,1";"48,0";"53,0";"44,0";"18,7";"20,3";"17,9";"989,6";"990,0";"989,6";"1,4";"91,0";"4,0";"3188,90";"0,0"
"21/02/2022";"1900";"31,8";"32,0";"31,0";"49,0";"51,0";"45,0";"19,7";"20,3";"18,2";"988,7";"989,6";"988,7";"1,6";"345,0";"4,4";"2398,30";"0,0"
"21/02/2022";"2000";"30,6";"31,8";"30,4";"50,0";"53,0";"45,0";"19,1";"19,9";"18,0";"988,8";"988,8";"988,5";"2,3";"76,0";"3,8";"1105,20";"0,0"
"21/02/2022";"2100";"29,6";"30,6";"29,4";"54,0";"56,0";"50,0";"19,3";"19,8";"18,9";"989,2";"989,2";"988,7";"0,2";"139,0";"3,8";"353,70";"0,0"
"21/02/2022";"2200";"26,1";"29,6";"26,0";"80,0";"80,0";"53,0";"22,3";"22,3";"18,9";"989,5";"989,5";"989,2";"1,3";"319,0";"2,1";"13,10";"0,0"
"21/02/2022";"2300";"24,7";"26,2";"24,7";"86,0";"87,0";"78,0";"22,2";"22,4";"22,0";"989,5";"989,6";"989,5";"0,8";"332,0";"2,2";"";"0,0"
"22/02/2022";"0000";"24,4";"24,6";"24,1";"86,0";"89,0";"85,0";"21,8";"22,4";"21,7";"990,5";"990,5";"989,5";"1,0";"316,0";"2,9";"";"0,0"
"22/02/2022";"0100";"23,8";"24,6";"23,7";"89,0";"89,0";"85,0";"22,0";"22,0";"21,6";"991,2";"991,2";"990,5";"0,7";"284,0";"2,5";"";"0,0"
"22/02/2022";"0200";"23,8";"23,9";"23,1";"89,0";"92,0";"89,0";"21,9";"22,1";"21,7";"991,6";"991,7";"991,2";"0,6";"244,0";"1,9";"";"0,0"
"22/02/2022";"0300";"23,0";"24,0";"23,0";"92,0";"92,0";"86,0";"21,6";"21,8";"21,4";"991,3";"991,6";"991,3";"1,3";"331,0";"2,6";"";"0,0"
"22/02/2022";"0400";"23,0";"23,1";"22,8";"93,0";"93,0";"91,0";"21,8";"21,8";"21,4";"991,1";"991,4";"991,1";"0,8";"293,0";"2,2";"";"0,0"
"22/02/2022";"0500";"23,0";"23,3";"22,7";"93,0";"93,0";"91,0";"21,8";"21,9";"21,4";"990,8";"991,1";"990,7";"0,3";"280,0";"2,9";"";"0,0"
"22/02/2022";"0600";"23,3";"23,5";"23,0";"91,0";"93,0";"90,0";"21,8";"22,0";"21,7";"990,8";"990,9";"990,8";"0,4";"20,0";"0,8";"";"0,0"
"22/02/2022";"0700";"23,3";"23,5";"23,2";"90,0";"93,0";"90,0";"21,5";"22,0";"21,5";"990,9";"990,9";"990,6";"0,3";"90,0";"0,8";"";"0,0"
"22/02/2022";"0800";"22,3";"23,3";"22,1";"94,0";"94,0";"88,0";"21,2";"21,6";"20,8";"991,2";"991,2";"990,8";"1,2";"321,0";"2,7";"";"0,0"
"22/02/2022";"0900";"21,7";"22,3";"21,7";"95,0";"95,0";"94,0";"20,9";"21,3";"20,8";"991,7";"991,7";"991,1";"1,0";"286,0";"1,9";"7,30";"0,0"
"22/02/2022";"1000";"24,0";"24,0";"21,7";"82,0";"96,0";"82,0";"20,8";"22,1";"20,6";"992,2";"992,2";"991,7";"1,3";"89,0";"2,4";"458,30";"0,0"
"22/02/2022";"1100";"25,5";"25,7";"24,1";"74,0";"82,0";"74,0";"20,6";"21,3";"20,5";"992,5";"992,5";"992,2";"2,2";"113,0";"3,5";"1362,70";"0,0"
"22/02/2022";"1200";"27,5";"27,7";"25,4";"65,0";"76,0";"65,0";"20,4";"22,0";"20,2";"992,6";"992,7";"992,5";"2,0";"75,0";"4,1";"2339,60";"0,0"
"22/02/2022";"1300";"26,8";"28,2";"26,3";"65,0";"70,0";"60,0";"19,8";"21,3";"19,3";"992,5";"992,6";"992,4";"1,5";"302,0";"3,8";"2837,00";"0,0"
"22/02/2022";"1400";"29,9";"30,0";"26,7";"52,0";"68,0";"52,0";"19,1";"20,9";"18,8";"992,0";"992,5";"992,0";"1,6";"356,0";"4,0";"3628,70";"0,0"
"22/02/2022";"1500";"29,8";"30,8";"28,5";"52,0";"58,0";"50,0";"18,9";"20,7";"18,4";"991,2";"992,0";"991,2";"1,1";"333,0";"3,8";"3629,10";"0,0"
"22/02/2022";"1600";"30,3";"30,9";"29,3";"53,0";"56,0";"50,0";"19,8";"20,9";"18,5";"990,5";"991,2";"990,5";"1,4";"50,0";"5,7";"3040,00";"0,0"
"22/02/2022";"1700";"31,3";"31,7";"29,9";"49,0";"56,0";"46,0";"19,2";"20,5";"18,0";"989,8";"990,5";"989,8";"1,8";"67,0";"5,9";"3543,80";"0,0"
"22/02/2022";"1800";"30,1";"31,8";"29,9";"46,0";"52,0";"45,0";"17,3";"20,6";"16,7";"989,2";"989,8";"989,2";"2,8";"58,0";"6,0";"2285,20";"0,0"
"22/02/2022";"1900";"30,0";"30,6";"29,8";"48,0";"50,0";"44,0";"17,9";"18,8";"16,6";"988,3";"989,2";"988,3";"2,5";"94,0";"5,2";"1858,60";"0,0"
"22/02/2022";"2000";"30,0";"30,7";"29,9";"49,0";"50,0";"45,0";"18,0";"18,8";"17,2";"988,0";"988,3";"987,9";"1,9";"70,0";"4,9";"1643,40";"0,0"
"22/02/2022";"2100";"29,4";"30,6";"29,4";"52,0";"52,0";"47,0";"18,6";"18,9";"17,5";"988,2";"988,2";"988,0";"0,4";"19,0";"3,3";"663,30";"0,0"
"22/02/2022";"2200";"26,3";"29,4";"26,3";"73,0";"73,0";"53,0";"21,0";"21,1";"18,9";"988,4";"988,4";"988,1";"0,5";"302,0";"1,5";"20,20";"0,0"
"22/02/2022";"2300";"24,1";"26,4";"24,1";"85,0";"85,0";"72,0";"21,4";"21,6";"21,0";"989,0";"989,0";"988,3";"1,4";"326,0";"2,1";"";"0,0"
"23/02/2022";"0000";"23,5";"24,1";"23,3";"89,0";"89,0";"85,0";"21,4";"21,7";"21,1";"989,8";"989,8";"989,0";"1,3";"322,0";"2,3";"";"0,0"
"23/02/2022";"0100";"23,3";"23,5";"22,9";"89,0";"90,0";"88,0";"21,3";"21,5";"21,1";"990,2";"990,3";"989,8";"0,4";"275,0";"3,1";"";"0,0"
"23/02/2022";"0200";"22,9";"23,8";"22,9";"89,0";"89,0";"84,0";"20,9";"21,3";"20,7";"990,5";"990,7";"990,2";"0,5";"27,0";"3,3";"";"0,0"
"23/02/2022";"0300";"22,6";"23,0";"22,5";"91,0";"91,0";"89,0";"21,0";"21,3";"20,7";"990,2";"990,6";"990,2";"0,4";"222,0";"1,8";"";"0,0"
"23/02/2022";"0400";"22,2";"22,6";"22,1";"93,0";"93,0";"91,0";"21,0";"21,1";"20,9";"989,8";"990,2";"989,8";"0,4";"329,0";"1,4";"";"0,0"
"23/02/2022";"0500";"21,8";"22,4";"21,7";"94,0";"94,0";"93,0";"20,8";"21,2";"20,7";"989,3";"989,8";"989,3";"1,4";"311,0";"2,0";"";"0,0"
"23/02/2022";"0600";"21,9";"21,9";"21,7";"95,0";"95,0";"94,0";"21,0";"21,0";"20,8";"988,8";"989,3";"988,8";"0,8";"286,0";"2,6";"";"0,0"
"23/02/2022";"0700";"21,8";"22,0";"21,8";"94,0";"95,0";"94,0";"20,7";"21,1";"20,7";"989,0";"989,0";"988,7";"1,5";"308,0";"3,0";"";"0,0"
"23/02/2022";"0800";"22,3";"22,3";"21,8";"93,0";"94,0";"93,0";"21,1";"21,1";"20,8";"989,3";"989,3";"988,9";"0,8";"274,0";"2,4";"";"0,0"
"23/02/2022";"0900";"22,3";"22,3";"22,0";"94,0";"94,0";"93,0";"21,3";"21,3";"20,8";"989,9";"989,9";"989,3";"0,8";"319,0";"2,1";"2,50";"0,0"
"23/02/2022";"1000";"23,1";"23,4";"22,1";"91,0";"94,0";"91,0";"21,5";"22,2";"21,0";"990,5";"990,5";"989,9";"1,2";"322,0";"2,5";"270,60";"0,0"
"23/02/2022";"1100";"25,3";"25,6";"23,1";"80,0";"91,0";"79,0";"21,7";"22,2";"21,2";"991,1";"991,1";"990,5";"1,0";"20,0";"2,9";"1100,20";"0,0"
"23/02/2022";"1200";"28,7";"28,7";"25,3";"65,0";"80,0";"64,0";"21,5";"22,8";"20,3";"991,1";"991,1";"991,1";"3,1";"46,0";"6,3";"2453,50";"0,0"
"23/02/2022";"1300";"27,4";"28,8";"27,1";"64,0";"68,0";"61,0";"20,1";"21,5";"19,8";"991,2";"991,2";"991,1";"2,4";"39,0";"6,2";"2282,80";"0,0"
"23/02/2022";"1400";"27,7";"29,8";"27,4";"62,0";"65,0";"59,0";"19,9";"21,7";"19,7";"991,0";"991,2";"990,9";"2,2";"335,0";"5,5";"2453,10";"0,0"
"23/02/2022";"1500";"28,2";"29,4";"27,7";"63,0";"67,0";"60,0";"20,5";"21,6";"19,8";"990,2";"991,0";"990,2";"1,8";"317,0";"5,3";"1555,10";"0,0"
"23/02/2022";"1600";"30,9";"31,0";"28,2";"57,0";"65,0";"53,0";"21,3";"22,0";"19,6";"989,2";"990,2";"989,1";"1,6";"94,0";"4,9";"3312,50";"0,0"
"23/02/2022";"1700";"31,3";"31,7";"29,9";"52,0";"57,0";"50,0";"20,3";"21,4";"19,4";"988,3";"989,2";"988,3";"2,0";"68,0";"5,3";"3773,10";"0,0"
"23/02/2022";"1800";"32,9";"32,9";"30,3";"54,0";"55,0";"49,0";"22,4";"22,4";"19,3";"987,5";"988,3";"987,5";"1,5";"337,0";"4,7";"3170,40";"0,0"
"23/02/2022";"1900";"31,1";"33,0";"30,8";"51,0";"54,0";"46,0";"19,9";"21,4";"18,5";"987,0";"987,5";"987,0";"2,4";"25,0";"4,7";"2286,80";"0,0"
"23/02/2022";"2000";"30,3";"31,1";"30,3";"51,0";"53,0";"47,0";"19,0";"19,9";"18,4";"986,7";"987,0";"986,7";"2,2";"98,0";"4,6";"1464,00";"0,0"
"23/02/2022";"2100";"29,0";"30,4";"29,0";"60,0";"60,0";"50,0";"20,4";"20,4";"18,8";"986,8";"986,8";"986,6";"2,3";"84,0";"4,2";"474,00";"0,0"
"23/02/2022";"2200";"27,2";"29,0";"27,2";"70,0";"70,0";"60,0";"21,3";"21,3";"20,4";"987,0";"987,0";"986,7";"1,2";"46,0";"3,6";"12,20";"0,0"
"23/02/2022";"2300";"25,9";"27,2";"25,9";"79,0";"81,0";"70,0";"21,9";"22,5";"21,0";"987,8";"987,8";"987,0";"0,7";"8,0";"2,2";"";"0,0"
"24/02/2022";"0000";"24,4";"26,1";"24,4";"87,0";"87,0";"76,0";"22,0";"22,4";"21,3";"988,4";"988,4";"987,8";"0,8";"326,0";"1,5";"";"0,0"
"24/02/2022";"0100";"24,0";"24,6";"23,9";"88,0";"89,0";"85,0";"21,9";"22,1";"21,6";"989,2";"989,2";"988,4";"0,6";"336,0";"1,9";"";"0,0"
"24/02/2022";"0200";"23,0";"24,0";"23,0";"92,0";"92,0";"88,0";"21,6";"21,9";"21,5";"989,3";"989,4";"989,2";"1,1";"319,0";"2,8";"";"0,0"
"24/02/2022";"0300";"23,0";"23,4";"23,0";"92,0";"92,0";"90,0";"21,5";"21,8";"21,5";"989,0";"989,3";"989,0";"0,9";"315,0";"2,0";"";"0,0"
"24/02/2022";"0400";"22,4";"23,0";"22,4";"94,0";"94,0";"92,0";"21,4";"21,5";"21,2";"988,8";"989,1";"988,7";"0,9";"309,0";"1,8";"";"0,0"
"24/02/2022";"0500";"22,1";"22,4";"22,1";"94,0";"94,0";"94,0";"21,1";"21,5";"21,1";"988,5";"988,9";"988,5";"1,3";"312,0";"1,6";"";"0,0"
"24/02/2022";"0600";"22,0";"22,4";"22,0";"94,0";"95,0";"94,0";"21,0";"21,5";"21,0";"988,1";"988,5";"988,1";"1,2";"315,0";"1,9";"";"0,0"
"24/02/2022";"0700";"21,7";"22,0";"21,6";"95,0";"95,0";"94,0";"20,9";"21,0";"20,7";"988,5";"988,5";"988,1";"0,4";"143,0";"2,2";"";"0,0"
"24/02/2022";"0800";"21,6";"21,7";"21,5";"95,0";"95,0";"95,0";"20,8";"20,9";"20,7";"988,6";"988,6";"988,4";"1,1";"304,0";"1,8";"";"0,0"
"24/02/2022";"0900";"21,3";"21,6";"21,2";"96,0";"96,0";"95,0";"20,5";"20,8";"20,4";"989,3";"989,3";"988,6";"1,8";"320,0";"3,0";"5,30";"0,0"
"24/02/2022";"1000";"23,1";"23,1";"21,3";"91,0";"96,0";"91,0";"21,5";"21,6";"20,5";"990,0";"990,0";"989,3";"0,3";"319,0";"3,1";"394,80";"0,0"
"24/02/2022";"1100";"25,5";"25,5";"23,1";"80,0";"91,0";"80,0";"21,8";"22,0";"21,3";"990,8";"990,8";"990,0";"1,0";"331,0";"2,0";"1283,20";"0,0"
"24/02/2022";"1200";"27,8";"28,0";"25,4";"67,0";"81,0";"67,0";"21,0";"22,3";"21,0";"991,2";"991,3";"990,8";"1,7";"52,0";"3,9";"2292,60";"0,0"
"24/02/2022";"1300";"29,7";"29,8";"27,7";"62,0";"69,0";"59,0";"21,7";"22,2";"20,4";"991,4";"991,4";"991,2";"1,1";"40,0";"3,5";"3113,80";"0,0"
"24/02/2022";"1400";"30,5";"30,7";"28,2";"60,0";"65,0";"57,0";"21,9";"22,4";"20,1";"991,1";"991,4";"991,1";"1,2";"72,0";"4,8";"3195,00";"0,0"
"24/02/2022";"1500";"31,3";"31,5";"29,9";"55,0";"61,0";"53,0";"21,1";"22,3";"19,8";"990,4";"991,1";"990,4";"1,7";"29,0";"4,7";"3993,60";"0,0"
"24/02/2022";"1600";"32,6";"32,6";"30,9";"52,0";"58,0";"49,0";"21,4";"21,9";"19,5";"989,2";"990,4";"989,2";"1,2";"214,0";"4,2";"3830,10";"0,0"
"24/02/2022";"1700";"32,8";"33,2";"31,6";"49,0";"54,0";"47,0";"20,6";"21,9";"19,8";"988,4";"989,2";"988,4";"2,2";"346,0";"4,3";"3664,00";"0,0"
"24/02/2022";"1800";"33,8";"33,8";"32,5";"50,0";"52,0";"46,0";"21,9";"22,0";"19,6";"987,8";"988,4";"987,7";"2,1";"348,0";"5,1";"3103,80";"0,0"
"24/02/2022";"1900";"31,6";"33,8";"31,6";"53,0";"53,0";"45,0";"20,9";"21,5";"19,6";"987,6";"987,8";"987,5";"2,3";"43,0";"5,2";"1926,30";"0,0"
"24/02/2022";"2000";"30,9";"31,6";"30,9";"56,0";"56,0";"52,0";"21,0";"21,3";"20,5";"987,5";"987,9";"987,5";"2,4";"84,0";"4,1";"567,00";"0,0"
"24/02/2022";"2100";"29,6";"30,9";"29,6";"63,0";"63,0";"55,0";"21,7";"21,9";"20,6";"988,1";"988,2";"987,5";"0,7";"40,0";"3,5";"217,30";"0,0"
"24/02/2022";"2200";"28,7";"29,6";"28,5";"64,0";"65,0";"62,0";"21,3";"21,7";"21,0";"988,5";"988,5";"988,0";"0,2";"341,0";"1,6";"3,90";"0,0"
"24/02/2022";"2300";"26,0";"28,9";"25,9";"83,0";"83,0";"62,0";"22,9";"23,1";"20,8";"989,3";"989,3";"988,5";"1,1";"345,0";"2,1";"";"0,0"
"25/02/2022";"0000";"25,5";"26,1";"25,2";"84,0";"87,0";"83,0";"22,6";"23,1";"22,6";"990,4";"990,4";"989,3";"1,3";"327,0";"2,4";"";"0,0"
"25/02/2022";"0100";"25,2";"25,5";"24,9";"88,0";"88,0";"84,0";"23,0";"23,0";"22,5";"991,0";"991,0";"990,4";"1,1";"281,0";"2,2";"";"0,0"
"25/02/2022";"0200";"26,9";"27,1";"25,1";"72,0";"88,0";"72,0";"21,5";"23,1";"21,5";"991,3";"991,3";"991,0";"3,1";"88,0";"5,7";"";"0,0"
"25/02/2022";"0300";"26,3";"26,9";"26,3";"73,0";"74,0";"72,0";"21,2";"21,6";"21,1";"991,5";"991,6";"991,3";"2,6";"86,0";"6,0";"";"0,0"
"25/02/2022";"0400";"25,2";"26,3";"25,2";"79,0";"79,0";"73,0";"21,2";"21,2";"21,0";"991,0";"991,5";"990,9";"2,2";"59,0";"5,4";"";"0,0"
"25/02/2022";"0500";"24,8";"25,2";"24,7";"81,0";"82,0";"79,0";"21,4";"21,4";"21,2";"990,7";"991,0";"990,7";"0,9";"44,0";"3,7";"";"0,0"
"25/02/2022";"0600";"24,3";"24,9";"24,2";"83,0";"85,0";"81,0";"21,4";"21,5";"21,3";"990,8";"990,8";"990,7";"1,1";"47,0";"2,2";"";"0,0"
"25/02/2022";"0700";"24,0";"24,6";"23,8";"85,0";"86,0";"81,0";"21,3";"21,4";"21,1";"990,9";"991,0";"990,8";"0,7";"59,0";"1,9";"";"0,0"
"25/02/2022";"0800";"24,4";"24,4";"24,0";"83,0";"85,0";"81,0";"21,2";"21,2";"20,8";"991,3";"991,3";"990,9";"0,7";"29,0";"1,3";"";"0,0"
"25/02/2022";"0900";"24,3";"24,5";"24,2";"82,0";"83,0";"81,0";"21,2";"21,3";"20,9";"991,9";"991,9";"991,3";"0,3";"63,0";"1,2";"2,30";"0,0"
"25/02/2022";"1000";"25,2";"25,2";"24,3";"79,0";"82,0";"78,0";"21,3";"21,7";"20,8";"992,6";"992,6";"991,9";"0,3";"20,0";"1,4";"195,20";"0,0"
"25/02/2022";"1100";"26,0";"26,0";"25,2";"76,0";"80,0";"75,0";"21,4";"21,9";"21,0";"993,1";"993,1";"992,6";"1,1";"82,0";"2,3";"534,50";"0,0"
"25/02/2022";"1200";"28,7";"29,2";"26,0";"63,0";"78,0";"62,0";"20,9";"22,5";"20,6";"993,4";"993,4";"993,1";"4,0";"86,0";"6,6";"2056,60";"0,0"
"25/02/2022";"1300";"29,4";"29,9";"28,3";"60,0";"64,0";"58,0";"20,7";"22,0";"20,4";"993,4";"993,5";"993,3";"4,1";"89,0";"6,9";"3243,30";"0,0"
"25/02/2022";"1400";"30,5";"31,0";"29,4";"52,0";"60,0";"50,0";"19,6";"21,0";"19,1";"993,0";"993,4";"993,0";"3,7";"90,0";"6,9";"3702,60";"0,0"
"25/02/2022";"1500";"31,4";"31,9";"30,0";"50,0";"55,0";"44,0";"19,6";"20,5";"17,9";"992,3";"993,0";"992,3";"3,2";"93,0";"6,3";"3903,20";"0,0"
"25/02/2022";"1600";"31,4";"32,0";"30,9";"49,0";"52,0";"44,0";"19,3";"20,0";"18,0";"991,4";"992,3";"991,4";"2,4";"77,0";"6,2";"3700,40";"0,0"
"25/02/2022";"1700";"32,2";"32,9";"31,0";"44,0";"52,0";"43,0";"18,4";"20,2";"18,0";"990,8";"991,4";"990,8";"1,3";"119,0";"5,4";"2908,40";"0,0"
"25/02/2022";"1800";"31,9";"32,6";"31,1";"46,0";"53,0";"44,0";"18,8";"20,8";"18,7";"990,1";"990,8";"990,1";"3,0";"96,0";"6,1";"2407,80";"0,0"
"25/02/2022";"1900";"31,7";"32,4";"31,4";"50,0";"50,0";"45,0";"19,9";"20,5";"18,7";"989,7";"990,1";"989,6";"3,7";"88,0";"6,2";"2336,50";"0,0"
"25/02/2022";"2000";"31,0";"31,7";"31,0";"52,0";"53,0";"48,0";"20,1";"21,0";"19,2";"989,7";"989,8";"989,6";"3,1";"84,0";"5,9";"1470,70";"0,0"
"25/02/2022";"2100";"29,8";"31,0";"29,8";"57,0";"57,0";"51,0";"20,4";"20,6";"19,7";"989,8";"989,8";"989,6";"4,0";"83,0";"6,7";"392,40";"0,0"
"25/02/2022";"2200";"27,6";"29,8";"27,4";"66,0";"68,0";"57,0";"20,8";"20,9";"20,2";"990,1";"990,1";"989,8";"1,0";"104,0";"6,7";"13,60";"0,0"
"25/02/2022";"2300";"25,6";"27,7";"25,6";"80,0";"80,0";"66,0";"22,0";"22,3";"20,7";"990,8";"990,8";"990,1";"0,7";"347,0";"1,7";"";"0,0"
"26/02/2022";"0000";"24,9";"25,7";"24,8";"85,0";"85,0";"78,0";"22,2";"22,2";"21,5";"991,5";"991,6";"990,8";"0,8";"334,0";"2,1";"";"0,0"
"26/02/2022";"0100";"25,5";"25,9";"24,8";"77,0";"85,0";"74,0";"21,2";"22,2";"21,0";"992,4";"992,4";"991,5";"1,8";"45,0";"4,2";"";"0,0"
"26/02/2022";"0200";"25,2";"25,5";"25,1";"80,0";"80,0";"77,0";"21,4";"21,5";"21,2";"992,5";"992,6";"992,4";"1,0";"41,0";"2,5";"";"0,0"
"26/02/2022";"0300";"24,9";"25,2";"24,8";"81,0";"81,0";"79,0";"21,4";"21,4";"21,2";"992,6";"992,7";"992,5";"2,1";"81,0";"3,9";"";"0,0"
"26/02/2022";"0400";"24,8";"25,1";"24,5";"82,0";"83,0";"80,0";"21,4";"21,5";"21,4";"992,5";"992,7";"992,5";"1,9";"68,0";"3,5";"";"0,0"
"26/02/2022";"0500";"24,5";"24,8";"24,0";"82,0";"85,0";"82,0";"21,2";"21,5";"21,2";"992,1";"992,4";"992,1";"0,8";"39,0";"3,2";"";"0,0"
"26/02/2022";"0600";"24,1";"24,6";"24,0";"85,0";"85,0";"82,0";"21,4";"21,5";"21,2";"992,3";"992,3";"992,1";"1,3";"69,0";"2,4";"";"0,0"
"26/02/2022";"0700";"23,4";"24,1";"23,4";"87,0";"87,0";"84,0";"21,1";"21,4";"21,0";"992,2";"992,3";"992,1";"1,3";"79,0";"2,3";"";"0,0"
"26/02/2022";"0800";"23,1";"23,5";"23,1";"87,0";"88,0";"86,0";"20,8";"21,2";"20,8";"992,4";"992,4";"992,2";"1,3";"59,0";"2,5";"";"0,0"
"26/02/2022";"0900";"22,9";"23,2";"22,7";"91,0";"91,0";"87,0";"21,3";"21,3";"20,8";"993,0";"993,0";"992,4";"0,6";"303,0";"2,5";"6,80";"0,0"
"26/02/2022";"1000";"25,1";"25,1";"22,7";"80,0";"92,0";"80,0";"21,5";"22,3";"21,2";"993,6";"993,6";"993,0";"1,3";"58,0";"2,0";"404,40";"0,0"
"26/02/2022";"1100";"26,7";"26,8";"25,1";"69,0";"80,0";"69,0";"20,6";"21,5";"20,4";"994,1";"994,1";"993,6";"2,1";"82,0";"3,1";"1331,10";"0,0"
"26/02/2022";"1200";"27,4";"27,4";"26,3";"70,0";"72,0";"66,0";"21,3";"21,3";"19,8";"994,2";"994,4";"994,1";"1,2";"135,0";"4,0";"2108,00";"0,0"
"26/02/2022";"1300";"27,4";"29,5";"27,4";"64,0";"70,0";"58,0";"20,1";"21,3";"19,5";"993,8";"994,2";"993,8";"2,2";"80,0";"4,7";"2991,80";"0,0"
"26/02/2022";"1400";"29,6";"30,1";"27,2";"55,0";"65,0";"54,0";"19,7";"21,2";"19,3";"993,3";"993,8";"993,3";"2,2";"85,0";"5,5";"2846,80";"0,0"
"26/02/2022";"1500";"30,4";"31,1";"29,4";"54,0";"59,0";"51,0";"20,0";"20,9";"18,8";"992,5";"993,3";"992,5";"2,5";"85,0";"5,6";"3935,20";"0,0"
"26/02/2022";"1600";"31,0";"31,3";"30,2";"46,0";"55,0";"46,0";"18,1";"20,5";"18,1";"991,4";"992,5";"991,4";"2,4";"89,0";"4,9";"4093,70";"0,0"
"26/02/2022";"1700";"31,6";"32,1";"30,7";"48,0";"49,0";"43,0";"19,3";"19,5";"17,2";"990,4";"991,4";"990,4";"1,8";"85,0";"5,4";"3602,00";"0,0"
"26/02/2022";"1800";"32,8";"32,9";"31,3";"43,0";"48,0";"38,0";"18,5";"19,5";"15,8";"989,7";"990,4";"989,7";"1,3";"193,0";"4,3";"3077,80";"0,0"
"26/02/2022";"1900";"31,7";"32,9";"31,6";"42,0";"44,0";"40,0";"17,2";"18,5";"16,4";"989,2";"989,7";"989,2";"1,2";"162,0";"4,8";"2343,30";"0,0"
"26/02/2022";"2000";"31,6";"32,9";"31,6";"44,0";"44,0";"40,0";"17,7";"18,5";"16,8";"989,3";"989,3";"989,1";"1,5";"43,0";"3,0";"1450,60";"0,0"
"26/02/2022";"2100";"29,6";"31,6";"29,6";"53,0";"53,0";"43,0";"19,0";"19,0";"17,4";"989,6";"989,7";"989,2";"1,5";"72,0";"3,7";"480,90";"0,0"
"26/02/2022";"2200";"26,7";"29,6";"26,7";"71,0";"71,0";"53,0";"20,9";"21,0";"18,9";"990,3";"990,3";"989,6";"4,1";"83,0";"8,5";"11,40";"0,0"
"26/02/2022";"2300";"25,5";"26,7";"25,5";"74,0";"74,0";"71,0";"20,6";"20,9";"20,5";"990,9";"990,9";"990,3";"2,4";"74,0";"6,4";"";"0,0"
"27/02/2022";"0000";"25,4";"25,6";"24,6";"76,0";"79,0";"74,0";"20,8";"21,0";"20,6";"991,5";"991,5";"990,9";"3,0";"80,0";"5,5";"";"0,0"
"27/02/2022";"0100";"24,5";"25,4";"24,5";"80,0";"80,0";"76,0";"20,9";"21,0";"20,8";"992,0";"992,0";"991,5";"1,2";"29,0";"5,5";"";"0,0"
"27/02/2022";"0200";"23,2";"24,5";"23,1";"89,0";"89,0";"80,0";"21,2";"21,2";"20,9";"991,6";"992,0";"991,6";"1,6";"342,0";"3,0";"";"0,0"
"27/02/2022";"0300";"23,5";"23,8";"23,2";"86,0";"89,0";"85,0";"21,1";"21,5";"21,0";"991,5";"991,7";"991,4";"0,3";"255,0";"2,3";"";"0,0"
"27/02/2022";"0400";"22,3";"23,6";"22,3";"93,0";"93,0";"86,0";"21,0";"21,2";"20,9";"991,3";"991,6";"991,2";"1,0";"334,0";"1,8";"";"0,0"
"27/02/2022";"0500";"21,8";"22,3";"21,8";"94,0";"94,0";"93,0";"20,9";"21,2";"20,9";"990,8";"991,2";"990,8";"1,4";"313,0";"2,2";"";"0,0"
"27/02/2022";"0600";"21,5";"21,9";"21,5";"95,0";"95,0";"94,0";"20,6";"21,0";"20,6";"990,5";"990,8";"990,4";"1,7";"325,0";"2,9";"";"0,0"
"27/02/2022";"0700";"21,5";"21,8";"21,4";"95,0";"95,0";"95,0";"20,7";"21,0";"20,6";"990,4";"990,5";"990,3";"0,9";"329,0";"2,5";"";"0,0"
"27/02/2022";"0800";"21,4";"21,5";"21,2";"96,0";"96,0";"95,0";"20,7";"20,7";"20,5";"990,5";"990,5";"990,3";"1,6";"325,0";"3,3";"";"0,0"
"27/02/2022";"0900";"22,0";"22,0";"21,4";"95,0";"96,0";"95,0";"21,3";"21,3";"20,7";"991,2";"991,2";"990,4";"0,2";"316,0";"3,0";"1,40";"0,0"
"27/02/2022";"1000";"22,9";"22,9";"22,0";"94,0";"95,0";"93,0";"21,8";"21,8";"21,3";"991,9";"991,9";"991,2";"0,5";"271,0";"1,1";"137,70";"0,0"
"27/02/2022";"1100";"25,6";"25,6";"22,9";"78,0";"94,0";"77,0";"21,4";"22,1";"21,1";"992,6";"992,6";"991,9";"1,4";"81,0";"2,9";"939,20";"0,0"
"27/02/2022";"1200";"27,2";"27,5";"25,6";"70,0";"79,0";"67,0";"21,1";"21,9";"20,5";"992,9";"992,9";"992,5";"2,1";"58,0";"5,4";"2354,90";"0,0"
"27/02/2022";"1300";"27,7";"28,4";"26,2";"63,0";"73,0";"60,0";"19,9";"21,6";"19,8";"992,7";"992,9";"992,7";"2,9";"107,0";"5,3";"2577,30";"0,0"
"27/02/2022";"1400";"29,7";"29,8";"27,6";"59,0";"64,0";"54,0";"20,8";"21,1";"18,6";"992,2";"992,7";"992,2";"2,5";"97,0";"5,0";"3358,80";"0,0"
"27/02/2022";"1500";"30,8";"30,8";"28,6";"51,0";"59,0";"48,0";"19,3";"20,4";"16,8";"991,4";"992,2";"991,4";"2,0";"76,0";"5,5";"2705,30";"0,0"
"27/02/2022";"1600";"30,6";"31,3";"29,3";"45,0";"51,0";"42,0";"17,3";"19,0";"16,2";"990,3";"991,4";"990,3";"3,2";"115,0";"6,3";"3566,50";"0,0"
"27/02/2022";"1700";"31,2";"31,8";"30,1";"43,0";"48,0";"41,0";"17,2";"18,7";"15,9";"989,5";"990,3";"989,5";"3,7";"85,0";"6,5";"3375,80";"0,0"
"27/02/2022";"1800";"31,2";"32,2";"29,7";"41,0";"48,0";"40,0";"16,4";"18,3";"16,0";"988,8";"989,5";"988,8";"1,9";"61,0";"6,5";"2530,70";"0,0"
"27/02/2022";"1900";"31,9";"32,0";"30,7";"39,0";"44,0";"38,0";"16,4";"17,7";"15,4";"988,2";"988,8";"988,2";"0,9";"291,0";"5,0";"2386,30";"0,0"
"27/02/2022";"2000";"30,5";"31,9";"30,4";"44,0";"45,0";"38,0";"17,0";"17,5";"15,6";"988,0";"988,2";"988,0";"1,6";"49,0";"3,6";"1458,10";"0,0"
"27/02/2022";"2100";"28,6";"31,0";"28,6";"54,0";"54,0";"43,0";"18,3";"18,4";"16,3";"988,1";"988,2";"988,0";"1,6";"356,0";"3,2";"468,70";"0,0"
"27/02/2022";"2200";"25,8";"28,6";"25,8";"72,0";"72,0";"54,0";"20,5";"20,5";"18,4";"988,7";"988,7";"988,1";"1,1";"309,0";"2,1";"9,10";"0,0"
"27/02/2022";"2300";"24,2";"25,8";"24,2";"83,0";"83,0";"71,0";"21,1";"21,1";"20,0";"989,1";"989,1";"988,7";"0,7";"323,0";"2,1";"";"0,0"
"28/02/2022";"0000";"23,6";"24,3";"23,5";"83,0";"86,0";"81,0";"20,7";"21,2";"20,5";"989,7";"989,7";"989,1";"0,9";"318,0";"2,2";"";"0,0"
"28/02/2022";"0100";"23,0";"23,6";"23,0";"89,0";"89,0";"83,0";"21,0";"21,0";"20,5";"990,2";"990,2";"989,7";"0,7";"299,0";"1,8";"";"0,0"
"28/02/2022";"0200";"22,9";"23,0";"22,2";"87,0";"91,0";"87,0";"20,5";"21,1";"20,4";"990,3";"990,4";"990,2";"0,8";"307,0";"1,9";"";"0,0"
"28/02/2022";"0300";"24,0";"24,2";"22,4";"74,0";"88,0";"74,0";"19,1";"20,6";"19,1";"990,2";"990,3";"990,0";"3,2";"70,0";"5,6";"";"0,0"
"28/02/2022";"0400";"23,5";"24,0";"23,5";"77,0";"77,0";"74,0";"19,2";"19,3";"19,1";"990,1";"990,3";"990,1";"1,5";"61,0";"4,8";"";"0,0"
"28/02/2022";"0500";"22,7";"23,6";"22,6";"82,0";"82,0";"77,0";"19,4";"19,4";"19,1";"989,6";"990,1";"989,6";"0,7";"358,0";"2,9";"";"0,0"
"28/02/2022";"0600";"22,3";"22,7";"21,8";"86,0";"88,0";"82,0";"19,9";"20,0";"19,5";"990,0";"990,0";"989,6";"0,3";"221,0";"1,4";"";"0,0"
"28/02/2022";"0700";"22,3";"22,5";"22,2";"89,0";"89,0";"86,0";"20,3";"20,5";"19,9";"990,7";"990,7";"990,0";"0,3";"311,0";"1,5";"0,80";"0,0"
"28/02/2022";"0800";"21,5";"22,5";"21,5";"90,0";"90,0";"87,0";"19,9";"20,5";"19,7";"990,9";"990,9";"990,5";"0,7";"15,0";"2,0";"";"0,0"
"28/02/2022";"0900";"20,9";"21,5";"20,8";"94,0";"94,0";"90,0";"19,8";"19,9";"19,7";"991,1";"991,1";"990,9";"0,6";"307,0";"1,9";"5,50";"0,0"
"28/02/2022";"1000";"22,3";"22,3";"20,9";"86,0";"94,0";"86,0";"19,8";"20,4";"19,6";"992,0";"992,0";"991,1";"0,5";"321,0";"1,4";"359,10";"0,0"
"28/02/2022";"1100";"24,7";"25,5";"22,2";"71,0";"86,0";"70,0";"19,1";"20,0";"19,1";"992,4";"992,4";"992,0";"2,5";"53,0";"4,3";"1246,30";"0,0"
"28/02/2022";"1200";"27,1";"27,2";"24,5";"62,0";"75,0";"62,0";"19,2";"20,2";"18,9";"992,6";"992,7";"992,4";"2,7";"84,0";"5,3";"1941,30";"0,0"
"28/02/2022";"1300";"28,2";"28,5";"26,5";"59,0";"64,0";"56,0";"19,5";"19,8";"17,9";"992,5";"992,7";"992,5";"2,6";"81,0";"6,4";"3402,80";"0,0"
"28/02/2022";"1400";"27,8";"29,2";"27,6";"55,0";"62,0";"52,0";"17,8";"20,2";"17,3";"992,2";"992,5";"992,2";"2,1";"82,0";"11,6";"3701,80";"0,0"
"28/02/2022";"1500";"29,3";"30,3";"27,8";"52,0";"59,0";"49,0";"18,5";"19,8";"17,4";"991,4";"992,2";"991,4";"2,7";"144,0";"6,1";"3328,00";"0,0"
"28/02/2022";"1600";"30,1";"31,0";"28,3";"49,0";"57,0";"47,0";"18,2";"19,7";"17,4";"990,5";"991,4";"990,5";"1,9";"89,0";"5,2";"3189,00";"0,0"
"28/02/2022";"1700";"30,9";"30,9";"29,1";"48,0";"54,0";"46,0";"18,7";"19,2";"17,2";"989,4";"990,5";"989,4";"1,3";"203,0";"4,7";"2376,80";"0,0"
"28/02/2022";"1800";"30,7";"31,7";"30,3";"44,0";"49,0";"42,0";"16,9";"19,0";"16,4";"988,8";"989,4";"988,8";"1,4";"107,0";"4,6";"3045,90";"0,0"
"28/02/2022";"1900";"29,5";"31,6";"29,4";"50,0";"51,0";"42,0";"18,1";"18,3";"16,6";"988,4";"988,9";"988,4";"2,4";"81,0";"4,7";"1535,30";"0,0"
"28/02/2022";"2000";"29,7";"29,8";"29,4";"51,0";"53,0";"50,0";"18,5";"18,9";"18,0";"988,4";"988,4";"988,2";"3,1";"93,0";"5,4";"1163,70";"0,0"
"28/02/2022";"2100";"28,2";"29,7";"28,2";"58,0";"58,0";"50,0";"19,1";"19,1";"18,0";"988,7";"988,7";"988,3";"1,1";"69,0";"5,3";"479,00";"0,0"
"28/02/2022";"2200";"26,2";"28,2";"26,2";"67,0";"67,0";"57,0";"19,7";"19,9";"19,0";"989,2";"989,2";"988,7";"0,6";"107,0";"3,6";"9,20";"0,0"
"28/02/2022";"2300";"25,3";"26,2";"25,0";"73,0";"74,0";"67,0";"20,2";"20,2";"19,7";"989,5";"989,5";"989,2";"0,5";"144,0";"1,4";"";"0,0"